cell,cell_x,cell_y,gene_A,gene_B,r_check,gene_A_count,gene_B_count,colocalization_count
98_241,-55388.68389423077,1492.608173076923,Gabra2,Gabrb1,0.5,1,0,0
98_243,-55330.625,1477.1009615384614,Gabra2,Gabrb1,0.5,1,0,0
98_244,-55434.25480769231,1473.6640625,Gabra2,Gabrb1,0.5,1,0,0
98_344,-55366.97115384616,1476.592548076923,Gabra2,Gabrb1,0.5,0,0,0
98_346,-55403.52163461538,1473.3617788461538,Gabra2,Gabrb1,0.5,0,0,0
99_2,-55436.682692307695,1467.3305288461538,Gabra2,Gabrb1,0.5,0,0,0
99_3,-55404.35096153846,1464.4375,Gabra2,Gabrb1,0.5,0,0,0
99_4,-55466.14182692307,1455.5288461538462,Gabra2,Gabrb1,0.5,0,0,0
99_8,-55460.54086538462,1443.4879807692307,Gabra2,Gabrb1,0.5,0,0,0
99_10,-55404.06850961539,1445.3070913461538,Gabra2,Gabrb1,0.5,0,0,0
99_12,-55489.91586538461,1435.0625,Gabra2,Gabrb1,0.5,0,0,0
99_13,-55349.95192307692,1430.7596153846152,Gabra2,Gabrb1,0.5,2,4,0
99_15,-55411.875,1431.0216346153843,Gabra2,Gabrb1,0.5,0,0,0
99_16,-55404.90384615384,1429.7644230769229,Gabra2,Gabrb1,0.5,0,0,0
99_17,-55320.81730769231,1430.7524038461538,Gabra2,Gabrb1,0.5,3,0,0
99_18,-55311.24999999999,1426.6117788461538,Gabra2,Gabrb1,0.5,0,0,0
99_25,-55378.05288461538,1399.1935096153845,Gabra2,Gabrb1,0.5,0,0,0
99_29,-55292.84254807692,1384.0811298076924,Gabra2,Gabrb1,0.5,0,0,0
99_37,-55444.90384615384,1364.2554086538462,Gabra2,Gabrb1,0.5,2,1,0
99_39,-55470.96754807692,1368.1358173076922,Gabra2,Gabrb1,0.5,0,2,0
99_57,-55316.05769230769,1352.762019230769,Gabra2,Gabrb1,0.5,4,4,0
99_81,-55477.1875,1339.048076923077,Gabra2,Gabrb1,0.5,3,4,0
99_84,-55319.30288461539,1336.1574519230767,Gabra2,Gabrb1,0.5,1,1,0
99_109,-55415.64903846154,1330.4038461538462,Gabra2,Gabrb1,0.5,0,0,0
99_114,-55490.08413461538,1328.6141826923076,Gabra2,Gabrb1,0.5,2,0,0
99_121,-55460.60096153846,1324.2818509615386,Gabra2,Gabrb1,0.5,1,1,0
99_138,-55497.289663461546,1320.1766826923076,Gabra2,Gabrb1,0.5,5,0,0
99_154,-55477.578125,1311.329326923077,Gabra2,Gabrb1,0.5,8,1,0
99_163,-55496.20192307692,1309.7493990384614,Gabra2,Gabrb1,0.5,0,2,0
99_169,-55460.28846153845,1308.4411057692307,Gabra2,Gabrb1,0.5,9,2,0
99_170,-55387.199519230766,1306.8557692307693,Gabra2,Gabrb1,0.5,3,2,0
99_179,-55487.24759615384,1306.6021634615383,Gabra2,Gabrb1,0.5,2,3,0
99_187,-55448.756009615376,1303.4254807692307,Gabra2,Gabrb1,0.5,4,1,0
99_188,-55462.74038461538,1299.25,Gabra2,Gabrb1,0.5,4,3,0
99_191,-55470.33653846154,1299.8413461538462,Gabra2,Gabrb1,0.5,1,0,0
99_192,-55440.054086538454,1300.2998798076924,Gabra2,Gabrb1,0.5,1,0,0
99_197,-55413.67788461539,1297.589543269231,Gabra2,Gabrb1,0.5,4,1,0
99_199,-55495.120192307695,1298.0558894230767,Gabra2,Gabrb1,0.5,7,1,0
99_202,-55430.06610576923,1297.7169471153845,Gabra2,Gabrb1,0.5,3,2,0
99_204,-55484.12259615384,1293.5300480769229,Gabra2,Gabrb1,0.5,7,5,0
99_211,-55310.9375,1292.1442307692307,Gabra2,Gabrb1,0.5,9,8,1
99_218,-55390.625,1291.5204326923076,Gabra2,Gabrb1,0.5,5,2,0
99_219,-55325.54086538462,1289.6778846153848,Gabra2,Gabrb1,0.5,1,0,0
99_222,-55370.82932692307,1287.0889423076922,Gabra2,Gabrb1,0.5,6,3,0
99_224,-55469.42307692307,1288.4651442307693,Gabra2,Gabrb1,0.5,2,1,0
99_229,-55437.085336538454,1289.3539663461538,Gabra2,Gabrb1,0.5,3,3,0
99_230,-55356.65865384616,1288.717548076923,Gabra2,Gabrb1,0.5,5,0,0
99_232,-55493.07692307692,1286.8125,Gabra2,Gabrb1,0.5,3,7,0
99_233,-55452.92067307692,1287.9603365384614,Gabra2,Gabrb1,0.5,2,0,0
99_234,-55399.86778846154,1289.3257211538462,Gabra2,Gabrb1,0.5,5,1,1
99_236,-55422.512019230766,1287.4795673076922,Gabra2,Gabrb1,0.5,4,1,0
99_238,-55412.66826923077,1288.7379807692307,Gabra2,Gabrb1,0.5,0,1,0
99_239,-55384.27884615384,1284.1129807692307,Gabra2,Gabrb1,0.5,5,2,0
99_240,-55444.57932692308,1283.2091346153843,Gabra2,Gabrb1,0.5,2,2,0
99_241,-55431.213942307695,1284.4296874999998,Gabra2,Gabrb1,0.5,0,4,0
99_244,-55462.28365384616,1283.8173076923076,Gabra2,Gabrb1,0.5,3,4,1
99_245,-55405.30048076923,1280.058894230769,Gabra2,Gabrb1,0.5,4,2,0
99_249,-55483.61778846154,1280.5060096153843,Gabra2,Gabrb1,0.5,2,5,0
99_250,-55393.53365384616,1279.7475961538462,Gabra2,Gabrb1,0.5,1,0,0
99_251,-55469.06249999999,1277.8305288461538,Gabra2,Gabrb1,0.5,0,2,0
99_253,-55363.68990384616,1274.1225961538462,Gabra2,Gabrb1,0.5,6,2,1
99_254,-55331.37019230769,1279.03125,Gabra2,Gabrb1,0.5,1,0,0
99_256,-55412.89663461538,1278.6586538461538,Gabra2,Gabrb1,0.5,0,0,0
99_258,-55456.43629807692,1278.6959134615383,Gabra2,Gabrb1,0.5,6,2,0
99_261,-55427.54807692308,1277.6093749999998,Gabra2,Gabrb1,0.5,2,0,0
99_263,-55341.47235576922,1277.9086538461538,Gabra2,Gabrb1,0.5,1,0,0
99_264,-55494.93990384616,1276.579326923077,Gabra2,Gabrb1,0.5,11,3,0
99_265,-55317.35576923077,1277.6802884615386,Gabra2,Gabrb1,0.5,1,2,0
99_266,-55435.859375,1274.3118990384614,Gabra2,Gabrb1,0.5,2,2,0
99_269,-55374.074519230766,1276.3665865384614,Gabra2,Gabrb1,0.5,3,4,0
99_271,-55448.82211538462,1273.0582932692307,Gabra2,Gabrb1,0.5,3,1,0
99_272,-55399.14663461538,1272.4771634615383,Gabra2,Gabrb1,0.5,0,1,0
99_273,-55386.526442307695,1273.0913461538462,Gabra2,Gabrb1,0.5,4,1,0
99_274,-55352.28365384615,1271.9134615384614,Gabra2,Gabrb1,0.5,4,5,0
99_275,-55462.57211538461,1270.5462740384614,Gabra2,Gabrb1,0.5,5,1,1
99_277,-55419.65144230769,1269.3094951923076,Gabra2,Gabrb1,0.5,8,4,0
99_279,-55478.48557692308,1268.9735576923076,Gabra2,Gabrb1,0.5,3,0,0
99_280,-55340.12620192308,1271.765625,Gabra2,Gabrb1,0.5,4,2,2
99_284,-55491.93509615384,1268.3641826923076,Gabra2,Gabrb1,0.5,4,4,0
99_285,-55408.137019230766,1270.371394230769,Gabra2,Gabrb1,0.5,0,1,0
99_286,-55296.40625,1268.2782451923076,Gabra2,Gabrb1,0.5,5,4,0
99_288,-55392.92668269231,1265.9777644230767,Gabra2,Gabrb1,0.5,3,6,2
99_290,-55381.147836538454,1265.2758413461538,Gabra2,Gabrb1,0.5,1,2,0
99_291,-55332.265625,1263.6592548076924,Gabra2,Gabrb1,0.5,1,2,0
99_296,-55456.544471153844,1263.4284855769229,Gabra2,Gabrb1,0.5,2,1,0
99_297,-55347.30769230769,1263.6622596153845,Gabra2,Gabrb1,0.5,2,3,0
99_298,-55446.574519230766,1260.8780048076924,Gabra2,Gabrb1,0.5,5,0,0
99_299,-55290.432692307695,1264.1550480769233,Gabra2,Gabrb1,0.5,0,0,0
99_301,-55435.63100961538,1259.7938701923076,Gabra2,Gabrb1,0.5,5,1,0
99_302,-55313.335336538454,1263.2211538461538,Gabra2,Gabrb1,0.5,0,2,0
99_304,-55472.43990384616,1261.2776442307693,Gabra2,Gabrb1,0.5,3,3,0
99_305,-55417.28365384615,1260.0030048076922,Gabra2,Gabrb1,0.5,3,1,0
99_307,-55408.14903846153,1261.6111778846152,Gabra2,Gabrb1,0.5,2,2,0
99_309,-55387.47596153846,1258.0757211538462,Gabra2,Gabrb1,0.5,2,6,0
99_310,-55362.52403846154,1260.6009615384617,Gabra2,Gabrb1,0.5,3,1,0
99_311,-55322.36778846153,1258.6346153846157,Gabra2,Gabrb1,0.5,2,0,0
99_312,-55426.74278846154,1259.3112980769229,Gabra2,Gabrb1,0.5,2,2,1
99_313,-55489.47115384616,1257.247596153846,Gabra2,Gabrb1,0.5,0,1,0
99_315,-55294.06249999999,1257.3810096153843,Gabra2,Gabrb1,0.5,5,1,0
99_319,-55305.40865384615,1257.8317307692307,Gabra2,Gabrb1,0.5,2,2,0
99_320,-55463.79807692307,1257.808894230769,Gabra2,Gabrb1,0.5,1,0,0
99_322,-55403.00480769231,1255.6838942307693,Gabra2,Gabrb1,0.5,6,3,0
99_323,-55374.026442307695,1255.4747596153843,Gabra2,Gabrb1,0.5,5,6,2
99_324,-55353.38942307692,1254.9236778846152,Gabra2,Gabrb1,0.5,6,1,0
99_325,-55343.93028846154,1253.6274038461538,Gabra2,Gabrb1,0.5,3,4,0
99_327,-55330.20432692307,1252.860576923077,Gabra2,Gabrb1,0.5,3,2,1
99_328,-55480.9375,1253.121394230769,Gabra2,Gabrb1,0.5,3,1,0
99_329,-55412.31971153846,1251.3353365384617,Gabra2,Gabrb1,0.5,3,3,1
99_330,-55395.69110576923,1250.6959134615386,Gabra2,Gabrb1,0.5,1,8,0
99_334,-55497.96874999999,1249.5336538461538,Gabra2,Gabrb1,0.5,2,3,0
99_335,-55441.71874999999,1246.014423076923,Gabra2,Gabrb1,0.5,5,4,0
99_336,-55451.16586538462,1249.0240384615386,Gabra2,Gabrb1,0.5,2,0,0
99_337,-55311.85096153845,1250.0,Gabra2,Gabrb1,0.5,7,5,1
99_338,-55382.07932692308,1248.248798076923,Gabra2,Gabrb1,0.5,3,4,0
99_339,-55465.14423076923,1250.1947115384617,Gabra2,Gabrb1,0.5,0,0,0
99_340,-55421.67067307692,1248.5600961538462,Gabra2,Gabrb1,0.5,4,3,0
99_341,-55361.53846153846,1247.4146634615383,Gabra2,Gabrb1,0.5,4,9,0
99_342,-55431.63461538462,1248.2608173076924,Gabra2,Gabrb1,0.5,6,1,0
99_343,-55301.50240384615,1242.9146634615383,Gabra2,Gabrb1,0.5,8,4,2
99_344,-55337.950721153844,1240.1015625,Gabra2,Gabrb1,0.5,1,2,0
99_345,-55402.44591346153,1245.8834134615383,Gabra2,Gabrb1,0.5,6,2,0
99_346,-55293.125,1246.3317307692307,Gabra2,Gabrb1,0.5,1,1,0
99_347,-55324.61538461538,1245.2596153846152,Gabra2,Gabrb1,0.5,2,2,0
99_348,-55351.40024038461,1243.2560096153845,Gabra2,Gabrb1,0.5,9,1,0
99_350,-55371.29807692308,1243.6310096153843,Gabra2,Gabrb1,0.5,5,1,0
99_351,-55393.62379807692,1241.9615384615386,Gabra2,Gabrb1,0.5,3,2,0
99_352,-55410.81730769231,1239.2728365384614,Gabra2,Gabrb1,0.5,1,3,0
99_356,-55383.557692307695,1239.8924278846152,Gabra2,Gabrb1,0.5,0,2,0
99_357,-55311.46634615384,1239.4399038461538,Gabra2,Gabrb1,0.5,4,1,0
99_359,-55461.730769230766,1236.828125,Gabra2,Gabrb1,0.5,1,0,0
99_360,-55471.862980769234,1237.1400240384614,Gabra2,Gabrb1,0.5,5,1,0
99_361,-55360.58894230769,1236.4122596153845,Gabra2,Gabrb1,0.5,7,0,0
99_362,-55319.26682692307,1237.4921875,Gabra2,Gabrb1,0.5,1,0,0
99_364,-55422.65625,1237.5540865384617,Gabra2,Gabrb1,0.5,0,3,0
99_366,-55331.06971153846,1234.2836538461538,Gabra2,Gabrb1,0.5,0,0,0
99_367,-55346.72475961538,1232.53125,Gabra2,Gabrb1,0.5,1,4,0
99_368,-55294.00240384615,1233.4603365384614,Gabra2,Gabrb1,0.5,4,2,0
99_369,-55433.22115384616,1229.0594951923076,Gabra2,Gabrb1,0.5,2,1,0
99_371,-55302.87259615384,1232.3725961538462,Gabra2,Gabrb1,0.5,3,3,0
99_372,-55388.32932692308,1228.550480769231,Gabra2,Gabrb1,0.5,1,1,0
99_373,-55377.95673076923,1229.8233173076924,Gabra2,Gabrb1,0.5,6,0,0
99_375,-55478.14903846154,1232.3617788461538,Gabra2,Gabrb1,0.5,0,0,0
99_376,-55354.71153846154,1229.2680288461538,Gabra2,Gabrb1,0.5,0,0,0
99_377,-55315.21634615384,1229.269230769231,Gabra2,Gabrb1,0.5,5,2,0
99_378,-55397.56610576922,1230.746394230769,Gabra2,Gabrb1,0.5,0,0,0
99_380,-55403.34134615384,1227.0552884615386,Gabra2,Gabrb1,0.5,1,0,0
99_381,-55424.48317307692,1230.0889423076924,Gabra2,Gabrb1,0.5,1,0,0
99_382,-55324.152644230766,1229.4567307692307,Gabra2,Gabrb1,0.5,2,2,0
99_385,-55454.64543269231,1224.6009615384614,Gabra2,Gabrb1,0.5,0,0,0
99_386,-55329.87379807692,1226.4212740384614,Gabra2,Gabrb1,0.5,0,3,0
99_389,-55302.53605769231,1216.157451923077,Gabra2,Gabrb1,0.5,4,9,0
99_390,-55293.46153846153,1223.2139423076922,Gabra2,Gabrb1,0.5,2,0,0
99_391,-55333.77403846154,1220.207331730769,Gabra2,Gabrb1,0.5,4,3,0
99_393,-55396.917067307695,1224.1225961538462,Gabra2,Gabrb1,0.5,0,0,0
99_394,-55346.21394230769,1221.5967548076924,Gabra2,Gabrb1,0.5,2,1,0
99_396,-55338.85817307692,1219.3665865384614,Gabra2,Gabrb1,0.5,1,2,0
99_397,-55320.81129807692,1218.8383413461538,Gabra2,Gabrb1,0.5,5,2,0
99_399,-55420.54086538462,1218.3858173076922,Gabra2,Gabrb1,0.5,0,0,0
99_400,-55355.84735576923,1215.8768028846155,Gabra2,Gabrb1,0.5,8,1,0
99_403,-55314.489182692305,1212.551081730769,Gabra2,Gabrb1,0.5,2,5,0
99_405,-55390.390625,1214.25,Gabra2,Gabrb1,0.5,0,0,0
99_406,-55401.23798076923,1211.53125,Gabra2,Gabrb1,0.5,0,1,0
99_407,-55342.75240384616,1211.5709134615386,Gabra2,Gabrb1,0.5,8,1,0
99_408,-55293.05288461538,1209.3167067307693,Gabra2,Gabrb1,0.5,1,4,0
99_413,-55481.45432692308,1206.3311298076924,Gabra2,Gabrb1,0.5,0,1,0
99_414,-55324.537259615376,1203.347355769231,Gabra2,Gabrb1,0.5,0,3,0
99_416,-55362.31971153846,1202.347355769231,Gabra2,Gabrb1,0.5,6,3,1
99_417,-55332.638221153844,1201.1556490384614,Gabra2,Gabrb1,0.5,1,1,0
99_418,-55306.12379807692,1200.3239182692307,Gabra2,Gabrb1,0.5,4,0,0
99_424,-55291.13581730769,1192.977764423077,Gabra2,Gabrb1,0.5,0,0,0
99_427,-55457.89663461538,1188.6586538461538,Gabra2,Gabrb1,0.5,0,6,0
99_432,-55399.61538461538,1186.6430288461538,Gabra2,Gabrb1,0.5,4,1,1
99_434,-55418.62980769231,1181.7602163461538,Gabra2,Gabrb1,0.5,5,3,0
99_437,-55332.34374999999,1179.3233173076922,Gabra2,Gabrb1,0.5,1,2,0
99_438,-55291.98317307692,1171.9038461538462,Gabra2,Gabrb1,0.5,5,1,0
99_439,-55506.700721153844,1174.5685096153845,Gabra2,Gabrb1,0.5,0,0,0
99_441,-55336.94711538462,1171.264423076923,Gabra2,Gabrb1,0.5,0,0,0
99_445,-55360.72115384616,1163.8822115384614,Gabra2,Gabrb1,0.5,0,0,0
99_446,-55411.83894230769,1161.3209134615386,Gabra2,Gabrb1,0.5,2,0,0
99_455,-55328.17307692308,1147.2596153846157,Gabra2,Gabrb1,0.5,2,0,0
99_458,-55398.07692307692,1141.8161057692307,Gabra2,Gabrb1,0.5,4,1,0
99_461,-55359.362980769234,1142.9567307692307,Gabra2,Gabrb1,0.5,0,1,0
99_465,-55462.6141826923,1143.9939903846155,Gabra2,Gabrb1,0.5,0,0,0
99_466,-55477.58413461538,1144.0396634615383,Gabra2,Gabrb1,0.5,0,0,0
99_481,-55332.75240384615,1133.4999999999998,Gabra2,Gabrb1,0.5,7,4,0
99_484,-55301.808894230766,1135.7433894230771,Gabra2,Gabrb1,0.5,0,0,0
99_492,-55312.073317307695,1133.105769230769,Gabra2,Gabrb1,0.5,6,0,0
99_494,-55492.31370192306,1130.4591346153845,Gabra2,Gabrb1,0.5,4,1,0
99_495,-55462.19350961538,1132.957331730769,Gabra2,Gabrb1,0.5,0,0,0
99_498,-55476.35817307692,1125.983173076923,Gabra2,Gabrb1,0.5,2,0,0
99_501,-55417.10336538461,1129.0528846153843,Gabra2,Gabrb1,0.5,0,5,0
99_507,-55485.52884615384,1125.7896634615383,Gabra2,Gabrb1,0.5,2,1,0
99_519,-55449.63942307692,1121.1454326923076,Gabra2,Gabrb1,0.5,2,3,0
99_521,-55409.855769230766,1120.340144230769,Gabra2,Gabrb1,0.5,2,0,0
99_523,-55460.901442307695,1120.7289663461538,Gabra2,Gabrb1,0.5,0,2,0
99_529,-55375.588942307695,1120.3221153846152,Gabra2,Gabrb1,0.5,1,2,0
99_531,-55386.43028846154,1116.0973557692307,Gabra2,Gabrb1,0.5,6,0,0
99_532,-55366.977163461546,1121.7644230769233,Gabra2,Gabrb1,0.5,0,2,0
99_533,-55426.02163461538,1116.8942307692307,Gabra2,Gabrb1,0.5,1,2,0
99_536,-55495.68509615384,1118.0228365384617,Gabra2,Gabrb1,0.5,6,7,0
99_542,-55432.99278846154,1114.8185096153845,Gabra2,Gabrb1,0.5,0,0,0
99_545,-55484.15865384616,1116.219951923077,Gabra2,Gabrb1,0.5,0,0,0
99_546,-55394.57932692308,1115.8004807692307,Gabra2,Gabrb1,0.5,0,1,0
99_551,-55468.94230769231,1115.2584134615386,Gabra2,Gabrb1,0.5,1,0,0
99_553,-55349.51923076923,1112.7878605769229,Gabra2,Gabrb1,0.5,1,0,0
99_555,-55438.810096153844,1113.9314903846152,Gabra2,Gabrb1,0.5,1,1,0
99_562,-55475.63100961538,1110.423076923077,Gabra2,Gabrb1,0.5,7,2,0
99_563,-55461.69471153846,1110.3840144230767,Gabra2,Gabrb1,0.5,4,8,0
99_564,-55447.57211538461,1112.2578124999998,Gabra2,Gabrb1,0.5,5,0,0
99_566,-55295.637019230766,1112.2992788461538,Gabra2,Gabrb1,0.5,0,0,0
99_569,-55368.52163461538,1107.4879807692307,Gabra2,Gabrb1,0.5,1,0,0
99_570,-55334.44711538461,1109.6802884615386,Gabra2,Gabrb1,0.5,3,1,0
99_576,-55400.43269230769,1103.0084134615386,Gabra2,Gabrb1,0.5,8,7,1
99_577,-55419.62740384615,1107.6045673076924,Gabra2,Gabrb1,0.5,0,0,0
99_582,-55407.69230769231,1107.201923076923,Gabra2,Gabrb1,0.5,1,1,0
99_583,-55376.29807692307,1108.076923076923,Gabra2,Gabrb1,0.5,2,0,0
99_584,-55303.22115384615,1103.5252403846152,Gabra2,Gabrb1,0.5,4,3,0
99_585,-55361.18990384615,1104.688701923077,Gabra2,Gabrb1,0.5,7,4,1
99_586,-55431.91105769231,1104.8942307692307,Gabra2,Gabrb1,0.5,5,1,1
99_587,-55391.887019230766,1104.884014423077,Gabra2,Gabrb1,0.5,4,3,0
99_589,-55494.52524038462,1105.325721153846,Gabra2,Gabrb1,0.5,3,1,0
99_592,-55441.82692307692,1105.7596153846152,Gabra2,Gabrb1,0.5,4,0,0
99_593,-55292.84855769231,1103.2421875,Gabra2,Gabrb1,0.5,0,0,0
99_598,-55452.45192307692,1105.045673076923,Gabra2,Gabrb1,0.5,3,0,0
99_600,-55385.991586538454,1102.6856971153845,Gabra2,Gabrb1,0.5,1,1,0
99_601,-55323.82211538462,1100.5727163461538,Gabra2,Gabrb1,0.5,3,1,0
99_607,-55479.387019230766,1102.0889423076922,Gabra2,Gabrb1,0.5,2,5,0
99_612,-55354.46514423077,1099.8671875,Gabra2,Gabrb1,0.5,3,4,0
99_613,-55337.43990384615,1096.7884615384617,Gabra2,Gabrb1,0.5,0,0,0
99_622,-55488.82211538462,1094.6676682692307,Gabra2,Gabrb1,0.5,1,0,0
99_623,-55309.30288461538,1096.9711538461538,Gabra2,Gabrb1,0.5,6,2,0
99_625,-55439.84375,1096.2055288461538,Gabra2,Gabrb1,0.5,7,1,0
99_626,-55406.45432692308,1093.8052884615383,Gabra2,Gabrb1,0.5,0,1,0
99_627,-55347.76442307692,1095.3485576923076,Gabra2,Gabrb1,0.5,2,2,0
99_629,-55420.20432692307,1093.5901442307693,Gabra2,Gabrb1,0.5,1,0,0
99_630,-55371.77884615384,1094.3052884615383,Gabra2,Gabrb1,0.5,4,2,0
99_635,-55430.86538461538,1094.5030048076924,Gabra2,Gabrb1,0.5,4,1,0
99_639,-55454.84975961539,1091.3828125,Gabra2,Gabrb1,0.5,4,3,0
99_640,-55297.52403846154,1091.9591346153843,Gabra2,Gabrb1,0.5,6,0,0
99_642,-55361.88701923077,1092.1983173076924,Gabra2,Gabrb1,0.5,4,2,0
99_644,-55398.89423076923,1091.7061298076924,Gabra2,Gabrb1,0.5,5,6,0
99_645,-55382.241586538454,1092.832331730769,Gabra2,Gabrb1,0.5,2,0,0
99_647,-55480.042067307695,1091.0366586538462,Gabra2,Gabrb1,0.5,8,4,2
99_648,-55329.40504807692,1089.2319711538462,Gabra2,Gabrb1,0.5,5,2,0
99_649,-55318.37740384616,1092.7217548076922,Gabra2,Gabrb1,0.5,2,0,0
99_654,-55414.61538461538,1085.8942307692307,Gabra2,Gabrb1,0.5,3,0,0
99_655,-55340.20432692308,1087.605769230769,Gabra2,Gabrb1,0.5,11,3,0
99_659,-55496.52644230769,1086.1478365384614,Gabra2,Gabrb1,0.5,2,3,0
99_660,-55305.480769230766,1084.9008413461538,Gabra2,Gabrb1,0.5,2,4,0
99_661,-55471.544471153844,1085.9020432692307,Gabra2,Gabrb1,0.5,1,1,0
99_662,-55443.24519230769,1087.8209134615383,Gabra2,Gabrb1,0.5,5,0,0
99_663,-55352.05528846153,1084.9879807692307,Gabra2,Gabrb1,0.5,5,2,1
99_664,-55368.28124999999,1085.6153846153843,Gabra2,Gabrb1,0.5,6,1,0
99_668,-55427.151442307695,1082.8016826923076,Gabra2,Gabrb1,0.5,3,5,0
99_669,-55394.18269230769,1084.2415865384614,Gabra2,Gabrb1,0.5,6,5,0
99_671,-55381.45432692308,1083.983173076923,Gabra2,Gabrb1,0.5,0,0,0
99_672,-55460.39663461538,1082.9278846153843,Gabra2,Gabrb1,0.5,5,2,0
99_673,-55324.87980769231,1081.7361778846152,Gabra2,Gabrb1,0.5,3,0,0
99_675,-55316.32211538461,1083.3076923076924,Gabra2,Gabrb1,0.5,0,0,0
99_679,-55436.12379807692,1081.2409855769233,Gabra2,Gabrb1,0.5,6,1,0
99_680,-55407.48798076923,1080.751201923077,Gabra2,Gabrb1,0.5,7,2,0
99_681,-55298.449519230766,1082.4302884615386,Gabra2,Gabrb1,0.5,2,3,0
99_682,-55291.47836538461,1082.7301682692307,Gabra2,Gabrb1,0.5,0,0,0
99_684,-55449.39903846154,1076.707331730769,Gabra2,Gabrb1,0.5,8,6,0
99_685,-55359.84975961538,1081.7626201923076,Gabra2,Gabrb1,0.5,2,0,0
99_686,-55344.90384615384,1079.235576923077,Gabra2,Gabrb1,0.5,7,2,0
99_687,-55480.21634615384,1079.423076923077,Gabra2,Gabrb1,0.5,3,3,0
99_688,-55388.40144230769,1076.5444711538462,Gabra2,Gabrb1,0.5,9,3,1
99_689,-55369.338942307695,1080.65625,Gabra2,Gabrb1,0.5,1,1,0
99_690,-55468.022836538454,1076.6610576923076,Gabra2,Gabrb1,0.5,3,1,0
99_691,-55375.06009615384,1077.0228365384614,Gabra2,Gabrb1,0.5,1,3,0
99_693,-55490.64903846154,1075.0048076923076,Gabra2,Gabrb1,0.5,3,2,1
99_694,-55415.55288461538,1074.2295673076924,Gabra2,Gabrb1,0.5,7,2,0
99_695,-55367.151442307695,1074.4633413461538,Gabra2,Gabrb1,0.5,3,5,1
99_696,-55360.44471153846,1076.6502403846152,Gabra2,Gabrb1,0.5,0,0,0
99_697,-55336.98317307692,1075.8125,Gabra2,Gabrb1,0.5,7,3,0
99_698,-55400.19230769231,1074.9807692307693,Gabra2,Gabrb1,0.5,3,3,1
99_699,-55313.6298076923,1073.7560096153843,Gabra2,Gabrb1,0.5,3,0,0
99_700,-55292.64423076923,1073.4711538461538,Gabra2,Gabrb1,0.5,2,2,0
99_701,-55352.94471153846,1072.858173076923,Gabra2,Gabrb1,0.5,4,0,0
99_702,-55299.93990384615,1072.3401442307693,Gabra2,Gabrb1,0.5,2,3,3
99_704,-55438.81009615384,1071.4795673076922,Gabra2,Gabrb1,0.5,1,2,0
99_705,-55425.26442307692,1070.8185096153843,Gabra2,Gabrb1,0.5,3,3,0
99_706,-55457.90865384615,1070.5240384615383,Gabra2,Gabrb1,0.5,4,5,1
99_707,-55306.875,1069.8269230769229,Gabra2,Gabrb1,0.5,1,3,0
99_708,-55325.03605769231,1069.0709134615383,Gabra2,Gabrb1,0.5,0,3,0
99_711,-55360.745192307695,1070.965144230769,Gabra2,Gabrb1,0.5,1,0,0
99_713,-55377.5,1069.0126201923076,Gabra2,Gabrb1,0.5,2,2,0
99_714,-55346.61057692307,1067.8197115384614,Gabra2,Gabrb1,0.5,5,3,0
99_715,-55394.93990384616,1069.1201923076922,Gabra2,Gabrb1,0.5,4,1,0
99_716,-55473.83413461538,1068.0721153846157,Gabra2,Gabrb1,0.5,4,1,0
99_717,-55448.53365384615,1066.3665865384614,Gabra2,Gabrb1,0.5,0,1,0
99_718,-55362.92067307692,1060.7608173076924,Gabra2,Gabrb1,0.5,3,4,1
99_720,-55315.79326923077,1062.889423076923,Gabra2,Gabrb1,0.5,1,3,0
99_721,-55386.51442307692,1060.6346153846152,Gabra2,Gabrb1,0.5,2,3,0
99_722,-55295.46274038461,1063.9050480769229,Gabra2,Gabrb1,0.5,3,1,0
99_723,-55465.15624999999,1062.747596153846,Gabra2,Gabrb1,0.5,5,3,0
99_724,-55416.93509615384,1063.0048076923078,Gabra2,Gabrb1,0.5,1,0,0
99_725,-55330.36057692307,1063.048076923077,Gabra2,Gabrb1,0.5,0,0,0
99_726,-55337.99278846153,1062.2944711538462,Gabra2,Gabrb1,0.5,4,1,0
99_727,-55354.32692307692,1063.3509615384614,Gabra2,Gabrb1,0.5,0,1,0
99_729,-55372.60817307692,1059.2403846153845,Gabra2,Gabrb1,0.5,2,1,1
99_730,-55400.07211538461,1058.4134615384614,Gabra2,Gabrb1,0.5,9,4,0
99_731,-55427.241586538454,1057.811298076923,Gabra2,Gabrb1,0.5,2,1,0
99_732,-55325.43269230769,1057.9759615384617,Gabra2,Gabrb1,0.5,4,0,0
99_733,-55349.987980769234,1049.6388221153845,Gabra2,Gabrb1,0.5,4,1,0
99_734,-55303.55769230769,1055.8677884615383,Gabra2,Gabrb1,0.5,1,3,0
99_735,-55313.03485576923,1053.5522836538462,Gabra2,Gabrb1,0.5,4,2,0
99_736,-55292.67427884615,1055.822716346154,Gabra2,Gabrb1,0.5,0,0,0
99_737,-55384.77163461538,1051.629206730769,Gabra2,Gabrb1,0.5,2,5,0
99_738,-55334.699519230766,1051.8365384615386,Gabra2,Gabrb1,0.5,4,1,0
99_739,-55408.36538461538,1051.2752403846157,Gabra2,Gabrb1,0.5,8,3,0
99_740,-55359.49519230769,1051.5072115384617,Gabra2,Gabrb1,0.5,0,0,0
99_742,-55303.32932692308,1045.8004807692307,Gabra2,Gabrb1,0.5,3,1,0
99_743,-55373.77403846153,1047.985576923077,Gabra2,Gabrb1,0.5,4,2,0
99_744,-55292.68028846154,1047.0282451923076,Gabra2,Gabrb1,0.5,1,0,0
99_745,-55327.68629807692,1046.5991586538462,Gabra2,Gabrb1,0.5,3,1,1
99_748,-55366.995192307695,1040.703125,Gabra2,Gabrb1,0.5,3,2,0
99_749,-55399.93990384615,1042.844951923077,Gabra2,Gabrb1,0.5,1,1,0
99_752,-55333.88221153846,1041.5444711538462,Gabra2,Gabrb1,0.5,2,2,0
99_753,-55380.73317307692,1038.1021634615383,Gabra2,Gabrb1,0.5,0,3,0
99_754,-55324.074519230766,1036.8299278846152,Gabra2,Gabrb1,0.5,2,1,0
99_756,-55336.94711538462,1034.484375,Gabra2,Gabrb1,0.5,2,0,0
99_757,-55393.08894230769,1024.5192307692307,Gabra2,Gabrb1,0.5,0,3,0
99_760,-55378.395432692305,1023.3569711538462,Gabra2,Gabrb1,0.5,2,0,0
114_1,-55240.33653846153,1416.8425480769229,Gabra2,Gabrb1,0.5,0,0,0
114_8,-55072.68028846154,1411.3978365384614,Gabra2,Gabrb1,0.5,1,0,0
114_9,-55054.230769230766,1409.0673076923076,Gabra2,Gabrb1,0.5,0,1,0
114_11,-55059.43509615384,1408.621394230769,Gabra2,Gabrb1,0.5,0,0,0
114_15,-55064.96394230769,1405.782451923077,Gabra2,Gabrb1,0.5,2,0,0
114_18,-55262.43990384615,1399.4783653846152,Gabra2,Gabrb1,0.5,0,3,0
114_19,-55045.09615384616,1398.1033653846152,Gabra2,Gabrb1,0.5,1,0,0
114_25,-55249.393028846156,1387.9308894230767,Gabra2,Gabrb1,0.5,1,3,1
114_26,-55210.138221153844,1386.71875,Gabra2,Gabrb1,0.5,0,0,0
114_27,-55283.62980769231,1382.5673076923076,Gabra2,Gabrb1,0.5,0,0,0
114_32,-55208.557692307695,1375.5745192307693,Gabra2,Gabrb1,0.5,1,0,0
114_35,-55054.44711538462,1367.311298076923,Gabra2,Gabrb1,0.5,0,0,0
114_40,-55103.65384615384,1359.6995192307693,Gabra2,Gabrb1,0.5,1,0,0
114_41,-55076.67067307692,1354.8016826923076,Gabra2,Gabrb1,0.5,0,0,0
114_43,-55194.21875,1344.9399038461538,Gabra2,Gabrb1,0.5,2,2,0
114_45,-55095.67307692308,1343.2175480769229,Gabra2,Gabrb1,0.5,0,0,0
114_46,-55025.25841346153,1344.8768028846152,Gabra2,Gabrb1,0.5,0,0,0
114_52,-55027.76442307692,1331.8810096153843,Gabra2,Gabrb1,0.5,0,0,0
114_54,-55165.90144230769,1323.887019230769,Gabra2,Gabrb1,0.5,1,0,0
114_56,-55099.39903846154,1324.0048076923076,Gabra2,Gabrb1,0.5,2,0,0
114_57,-55184.27884615384,1324.578125,Gabra2,Gabrb1,0.5,2,1,0
114_60,-55094.26682692307,1312.605769230769,Gabra2,Gabrb1,0.5,2,0,0
114_62,-55191.06370192308,1310.738581730769,Gabra2,Gabrb1,0.5,0,2,0
114_63,-55036.11778846154,1309.3022836538462,Gabra2,Gabrb1,0.5,1,0,0
114_66,-55039.79567307692,1306.3269230769229,Gabra2,Gabrb1,0.5,0,0,0
114_67,-55162.86057692308,1304.0564903846152,Gabra2,Gabrb1,0.5,0,2,0
114_72,-55227.091346153844,1295.4615384615386,Gabra2,Gabrb1,0.5,0,0,0
114_76,-55044.44711538461,1287.34375,Gabra2,Gabrb1,0.5,0,0,0
114_77,-55284.27884615384,1282.139423076923,Gabra2,Gabrb1,0.5,0,0,0
114_80,-55203.63581730769,1281.7487980769229,Gabra2,Gabrb1,0.5,0,1,0
114_81,-55023.67788461538,1280.0360576923076,Gabra2,Gabrb1,0.5,3,4,0
114_84,-55228.36538461538,1272.269230769231,Gabra2,Gabrb1,0.5,0,0,0
114_85,-55013.731971153844,1274.9621394230771,Gabra2,Gabrb1,0.5,0,1,0
114_89,-55142.59014423077,1270.8395432692305,Gabra2,Gabrb1,0.5,2,0,0
114_90,-55041.40625,1269.1526442307693,Gabra2,Gabrb1,0.5,0,1,0
114_91,-55220.168269230766,1268.5036057692307,Gabra2,Gabrb1,0.5,0,0,0
114_92,-55062.05528846153,1269.9266826923078,Gabra2,Gabrb1,0.5,1,0,0
114_94,-55024.63942307692,1271.2127403846152,Gabra2,Gabrb1,0.5,0,2,0
114_95,-55014.777644230766,1267.673076923077,Gabra2,Gabrb1,0.5,1,2,0
114_96,-55067.199519230766,1267.0120192307693,Gabra2,Gabrb1,0.5,1,2,0
114_98,-55028.34735576923,1266.2920673076922,Gabra2,Gabrb1,0.5,2,0,0
114_99,-55267.93870192308,1264.3365384615386,Gabra2,Gabrb1,0.5,0,0,0
114_100,-55281.730769230766,1261.2788461538462,Gabra2,Gabrb1,0.5,6,7,1
114_103,-55083.77403846154,1262.8798076923076,Gabra2,Gabrb1,0.5,0,2,0
114_104,-55246.77884615384,1260.9807692307693,Gabra2,Gabrb1,0.5,3,2,0
114_106,-55021.80288461538,1260.1442307692307,Gabra2,Gabrb1,0.5,3,4,0
114_107,-55002.28365384615,1260.7007211538462,Gabra2,Gabrb1,0.5,0,0,0
114_108,-55169.44711538461,1257.953125,Gabra2,Gabrb1,0.5,5,2,0
114_109,-55052.65624999999,1258.6454326923076,Gabra2,Gabrb1,0.5,0,0,0
114_110,-55012.10336538462,1254.3209134615386,Gabra2,Gabrb1,0.5,4,2,0
114_113,-55077.65024038461,1257.0132211538462,Gabra2,Gabrb1,0.5,4,2,0
114_114,-55272.8125,1255.9170673076922,Gabra2,Gabrb1,0.5,0,0,0
114_115,-55209.21875,1254.8521634615386,Gabra2,Gabrb1,0.5,2,2,0
114_116,-55260.49879807692,1253.3106971153848,Gabra2,Gabrb1,0.5,4,4,0
114_117,-55102.83653846153,1254.7764423076922,Gabra2,Gabrb1,0.5,6,0,0
114_118,-55068.59375,1255.8257211538462,Gabra2,Gabrb1,0.5,6,1,0
114_120,-55238.99038461538,1251.0072115384614,Gabra2,Gabrb1,0.5,1,4,0
114_122,-55284.59134615384,1252.7103365384614,Gabra2,Gabrb1,0.5,0,1,0
114_123,-55034.44711538461,1250.8100961538462,Gabra2,Gabrb1,0.5,3,1,0
114_126,-55193.54567307692,1251.0841346153843,Gabra2,Gabrb1,0.5,1,1,0
114_127,-55025.0,1247.8641826923076,Gabra2,Gabrb1,0.5,3,4,0
114_129,-55219.41105769231,1248.044471153846,Gabra2,Gabrb1,0.5,4,4,0
114_130,-55076.72475961539,1249.1995192307693,Gabra2,Gabrb1,0.5,2,2,2
114_131,-55157.5,1249.0384615384614,Gabra2,Gabrb1,0.5,0,1,0
114_132,-55134.29086538461,1247.2716346153843,Gabra2,Gabrb1,0.5,2,0,0
114_133,-55057.710336538454,1247.5150240384614,Gabra2,Gabrb1,0.5,3,1,1
114_135,-55278.551682692305,1247.6478365384614,Gabra2,Gabrb1,0.5,2,2,0
114_137,-55203.42548076923,1247.173076923077,Gabra2,Gabrb1,0.5,1,1,0
114_139,-55092.175480769234,1245.8930288461538,Gabra2,Gabrb1,0.5,2,2,0
114_142,-55165.57692307692,1244.5973557692307,Gabra2,Gabrb1,0.5,5,2,1
114_143,-55070.19230769231,1241.329326923077,Gabra2,Gabrb1,0.5,3,2,0
114_145,-55083.08894230769,1243.0264423076922,Gabra2,Gabrb1,0.5,0,0,0
114_146,-55176.5625,1241.0270432692305,Gabra2,Gabrb1,0.5,5,0,0
114_147,-55284.27884615384,1241.2680288461538,Gabra2,Gabrb1,0.5,1,1,0
114_150,-55060.90745192308,1240.5655048076924,Gabra2,Gabrb1,0.5,4,0,0
114_151,-55049.95192307692,1241.4957932692307,Gabra2,Gabrb1,0.5,0,0,0
114_153,-55259.43509615384,1242.5444711538462,Gabra2,Gabrb1,0.5,6,1,0
114_154,-55226.47836538461,1237.1454326923076,Gabra2,Gabrb1,0.5,10,9,1
114_155,-55194.78365384615,1241.6754807692307,Gabra2,Gabrb1,0.5,1,3,0
114_156,-55156.68269230769,1239.1225961538462,Gabra2,Gabrb1,0.5,1,2,0
114_157,-55138.14903846154,1240.3569711538462,Gabra2,Gabrb1,0.5,1,0,0
114_158,-55031.183894230766,1241.4224759615386,Gabra2,Gabrb1,0.5,0,0,0
114_159,-55241.93509615384,1239.4747596153843,Gabra2,Gabrb1,0.5,5,1,0
114_160,-55105.9375,1239.8215144230771,Gabra2,Gabrb1,0.5,0,3,0
114_162,-55269.044471153844,1240.7992788461538,Gabra2,Gabrb1,0.5,1,1,0
114_163,-55210.56490384616,1238.2109375,Gabra2,Gabrb1,0.5,10,4,0
114_164,-55126.77884615384,1237.3473557692307,Gabra2,Gabrb1,0.5,2,0,0
114_166,-55278.67788461538,1239.0703125,Gabra2,Gabrb1,0.5,4,1,0
114_167,-55000.012019230766,1235.036658653846,Gabra2,Gabrb1,0.5,6,3,0
114_173,-55165.79326923077,1235.594951923077,Gabra2,Gabrb1,0.5,1,3,0
114_175,-55184.47115384615,1232.6556490384614,Gabra2,Gabrb1,0.5,3,4,0
114_177,-55257.99278846154,1231.9747596153848,Gabra2,Gabrb1,0.5,4,5,0
114_178,-55200.34855769231,1233.8341346153843,Gabra2,Gabrb1,0.5,3,3,0
114_179,-55073.82211538462,1231.8413461538462,Gabra2,Gabrb1,0.5,9,4,0
114_181,-55150.47475961538,1232.4128605769233,Gabra2,Gabrb1,0.5,4,4,0
114_182,-55115.432692307695,1233.9993990384614,Gabra2,Gabrb1,0.5,2,1,0
114_183,-55033.34134615384,1235.3834134615386,Gabra2,Gabrb1,0.5,0,0,0
114_185,-55283.81610576923,1232.2091346153848,Gabra2,Gabrb1,0.5,1,0,0
114_186,-55140.78725961539,1231.4993990384614,Gabra2,Gabrb1,0.5,0,0,0
114_187,-55095.949519230766,1231.5300480769229,Gabra2,Gabrb1,0.5,7,1,0
114_189,-55270.62499999999,1229.262019230769,Gabra2,Gabrb1,0.5,2,2,0
114_190,-55133.59375,1229.639423076923,Gabra2,Gabrb1,0.5,6,4,0
114_191,-55084.12860576923,1231.842548076923,Gabra2,Gabrb1,0.5,1,2,0
114_192,-55027.94471153846,1233.640625,Gabra2,Gabrb1,0.5,1,0,0
114_193,-55055.08413461538,1231.8930288461538,Gabra2,Gabrb1,0.5,0,0,0
114_194,-55062.512019230766,1231.126201923077,Gabra2,Gabrb1,0.5,1,0,0
114_196,-55014.63942307692,1227.9555288461538,Gabra2,Gabrb1,0.5,5,4,2
114_197,-55237.63822115384,1229.3762019230767,Gabra2,Gabrb1,0.5,3,1,0
114_198,-55206.574519230766,1226.5240384615386,Gabra2,Gabrb1,0.5,5,5,0
114_199,-55248.611778846156,1223.4368990384614,Gabra2,Gabrb1,0.5,6,6,0
114_200,-55101.96514423077,1226.3984375,Gabra2,Gabrb1,0.5,0,0,0
114_203,-55167.24759615384,1227.3040865384614,Gabra2,Gabrb1,0.5,3,1,0
114_204,-55120.793269230766,1226.8052884615386,Gabra2,Gabrb1,0.5,3,0,0
114_205,-55043.804086538454,1229.7007211538462,Gabra2,Gabrb1,0.5,0,0,0
114_206,-55191.17788461538,1225.7283653846152,Gabra2,Gabrb1,0.5,2,2,0
114_209,-55230.75120192308,1224.8203125,Gabra2,Gabrb1,0.5,4,2,0
114_210,-55175.28846153846,1225.3521634615386,Gabra2,Gabrb1,0.5,2,0,0
114_211,-55007.445913461546,1223.6508413461538,Gabra2,Gabrb1,0.5,3,2,0
114_215,-55021.502403846156,1222.3936298076922,Gabra2,Gabrb1,0.5,1,1,0
114_217,-55090.04807692308,1223.0342548076922,Gabra2,Gabrb1,0.5,3,3,0
114_218,-55144.93990384616,1221.1514423076922,Gabra2,Gabrb1,0.5,2,0,0
114_219,-55109.53125,1220.0360576923078,Gabra2,Gabrb1,0.5,1,1,0
114_220,-55215.76923076923,1218.951923076923,Gabra2,Gabrb1,0.5,6,9,0
114_221,-55157.800480769234,1221.0144230769229,Gabra2,Gabrb1,0.5,3,2,0
114_225,-55284.14663461538,1222.3305288461538,Gabra2,Gabrb1,0.5,1,0,0
114_226,-55067.99278846154,1222.3473557692307,Gabra2,Gabrb1,0.5,1,1,0
114_227,-55222.58413461538,1222.7872596153843,Gabra2,Gabrb1,0.5,0,1,0
114_228,-55279.26682692308,1222.0739182692307,Gabra2,Gabrb1,0.5,1,1,0
114_229,-55271.66466346154,1220.334735576923,Gabra2,Gabrb1,0.5,2,1,0
114_230,-55052.29567307692,1220.1622596153845,Gabra2,Gabrb1,0.5,3,1,0
114_231,-55260.81730769231,1220.2560096153848,Gabra2,Gabrb1,0.5,5,2,0
114_232,-55200.55288461538,1218.3185096153843,Gabra2,Gabrb1,0.5,6,7,1
114_233,-55058.18509615384,1219.688701923077,Gabra2,Gabrb1,0.5,0,0,0
114_234,-55182.11538461538,1218.9098557692307,Gabra2,Gabrb1,0.5,2,2,0
114_235,-55137.70432692308,1217.4579326923076,Gabra2,Gabrb1,0.5,5,4,0
114_237,-55120.51682692308,1217.2878605769233,Gabra2,Gabrb1,0.5,1,2,0
114_239,-55023.85817307692,1211.3617788461538,Gabra2,Gabrb1,0.5,1,3,0
114_242,-55173.89423076923,1217.0144230769229,Gabra2,Gabrb1,0.5,3,2,0
114_243,-55081.80288461538,1216.469951923077,Gabra2,Gabrb1,0.5,6,2,0
114_245,-55240.52884615384,1211.359375,Gabra2,Gabrb1,0.5,9,2,0
114_246,-55129.63341346153,1214.625,Gabra2,Gabrb1,0.5,2,1,0
114_248,-55254.07451923077,1211.761418269231,Gabra2,Gabrb1,0.5,0,2,0
114_249,-55016.32211538461,1213.7223557692307,Gabra2,Gabrb1,0.5,5,2,0
114_250,-55230.42067307692,1214.4501201923076,Gabra2,Gabrb1,0.5,5,4,0
114_251,-55164.78365384615,1214.7427884615383,Gabra2,Gabrb1,0.5,3,2,1
114_252,-55095.54086538462,1215.6712740384614,Gabra2,Gabrb1,0.5,1,5,0
114_253,-55010.91346153846,1214.7836538461538,Gabra2,Gabrb1,0.5,0,0,0
114_255,-55002.1875,1211.1664663461538,Gabra2,Gabrb1,0.5,0,1,0
114_257,-55208.401442307695,1210.9867788461538,Gabra2,Gabrb1,0.5,2,4,0
114_258,-55193.90625,1207.25,Gabra2,Gabrb1,0.5,0,2,0
114_259,-55103.72596153846,1212.185096153846,Gabra2,Gabrb1,0.5,1,2,0
114_261,-55278.95432692308,1211.4951923076922,Gabra2,Gabrb1,0.5,2,2,0
114_262,-55059.42908653846,1210.046875,Gabra2,Gabrb1,0.5,0,0,0
114_263,-55223.87019230769,1210.8016826923078,Gabra2,Gabrb1,0.5,1,1,0
114_264,-55271.40024038461,1207.5522836538462,Gabra2,Gabrb1,0.5,3,0,0
114_265,-55284.387019230766,1206.6117788461538,Gabra2,Gabrb1,0.5,1,0,0
114_266,-55119.71153846154,1207.4399038461538,Gabra2,Gabrb1,0.5,3,1,0
114_267,-55088.762019230766,1207.7175480769229,Gabra2,Gabrb1,0.5,6,1,0
114_270,-55172.52403846154,1207.6850961538462,Gabra2,Gabrb1,0.5,8,0,0
114_271,-55112.07932692308,1206.655048076923,Gabra2,Gabrb1,0.5,2,2,0
114_274,-55154.675480769234,1203.0540865384614,Gabra2,Gabrb1,0.5,1,4,0
114_275,-55141.47836538461,1205.102764423077,Gabra2,Gabrb1,0.5,4,4,0
114_276,-55181.32211538461,1205.1911057692307,Gabra2,Gabrb1,0.5,3,2,1
114_279,-55075.73317307692,1204.6322115384614,Gabra2,Gabrb1,0.5,0,0,0
114_280,-55251.27403846153,1202.3798076923076,Gabra2,Gabrb1,0.5,1,0,0
114_281,-55232.734375,1203.7920673076922,Gabra2,Gabrb1,0.5,6,2,0
114_283,-55215.372596153844,1203.7938701923076,Gabra2,Gabrb1,0.5,5,2,0
114_285,-55096.47836538462,1200.9637019230768,Gabra2,Gabrb1,0.5,5,1,0
114_286,-55131.43028846154,1201.721514423077,Gabra2,Gabrb1,0.5,5,0,0
114_287,-55070.390625,1200.3891826923077,Gabra2,Gabrb1,0.5,2,0,0
114_288,-55056.55048076923,1203.1189903846152,Gabra2,Gabrb1,0.5,0,0,0
114_290,-55262.554086538454,1197.6481971153846,Gabra2,Gabrb1,0.5,2,1,0
114_291,-55243.05288461538,1198.8573317307691,Gabra2,Gabrb1,0.5,8,1,0
114_292,-55278.894230769234,1200.6397836538458,Gabra2,Gabrb1,0.5,2,3,0
114_294,-55190.87740384615,1197.8579326923077,Gabra2,Gabrb1,0.5,5,3,0
114_295,-55122.42788461538,1198.9234375,Gabra2,Gabrb1,0.5,0,1,0
114_296,-55222.84855769231,1198.7900240384615,Gabra2,Gabrb1,0.5,10,2,0
114_297,-55202.277644230766,1200.1548076923077,Gabra2,Gabrb1,0.5,6,3,0
114_298,-55167.11538461538,1198.4594951923077,Gabra2,Gabrb1,0.5,2,0,0
114_300,-55209.34495192308,1193.3855769230768,Gabra2,Gabrb1,0.5,0,0,0
114_301,-55051.05769230769,1197.737139423077,Gabra2,Gabrb1,0.5,0,0,0
114_303,-55015.12019230769,1199.1806490384615,Gabra2,Gabrb1,0.5,1,0,0
114_304,-55005.12019230769,1193.6788461538463,Gabra2,Gabrb1,0.5,0,3,0
114_306,-55104.375,1197.1421875,Gabra2,Gabrb1,0.5,0,0,0
114_307,-55136.99519230769,1193.6469951923077,Gabra2,Gabrb1,0.5,2,3,0
114_308,-55026.32211538462,1196.2275240384615,Gabra2,Gabrb1,0.5,0,1,0
114_309,-55231.68269230769,1194.4342548076922,Gabra2,Gabrb1,0.5,6,2,0
114_311,-55117.361778846156,1192.5911057692306,Gabra2,Gabrb1,0.5,5,0,0
114_312,-55178.96634615384,1193.1493990384615,Gabra2,Gabrb1,0.5,6,3,2
114_313,-55039.42307692308,1192.2185096153844,Gabra2,Gabrb1,0.5,2,1,0
114_315,-55145.82932692307,1191.5370192307691,Gabra2,Gabrb1,0.5,3,0,0
114_316,-55109.50721153845,1189.9606971153846,Gabra2,Gabrb1,0.5,3,1,0
114_317,-55194.48317307692,1188.6181490384615,Gabra2,Gabrb1,0.5,2,5,0
114_319,-55249.897836538454,1191.0754807692308,Gabra2,Gabrb1,0.5,3,0,0
114_322,-55048.56370192306,1191.8495192307691,Gabra2,Gabrb1,0.5,0,1,0
114_323,-55278.28125,1190.228125,Gabra2,Gabrb1,0.5,3,1,0
114_324,-55153.239182692305,1189.6271634615384,Gabra2,Gabrb1,0.5,2,1,1
114_326,-55159.26682692307,1188.6235576923077,Gabra2,Gabrb1,0.5,2,1,0
114_327,-55129.31490384616,1186.140985576923,Gabra2,Gabrb1,0.5,3,1,0
114_328,-55219.71754807692,1188.4192307692306,Gabra2,Gabrb1,0.5,0,0,0
114_330,-55100.745192307695,1187.4282451923077,Gabra2,Gabrb1,0.5,2,7,0
114_331,-55186.58653846154,1188.4667067307691,Gabra2,Gabrb1,0.5,1,1,0
114_333,-55258.67788461538,1185.6187499999999,Gabra2,Gabrb1,0.5,0,0,0
114_337,-55205.06009615384,1183.7371394230768,Gabra2,Gabrb1,0.5,0,2,0
114_338,-55139.98798076923,1182.222716346154,Gabra2,Gabrb1,0.5,2,0,0
114_339,-55044.66346153845,1182.019591346154,Gabra2,Gabrb1,0.5,1,1,0
114_340,-55224.48317307692,1183.2311298076922,Gabra2,Gabrb1,0.5,2,1,0
114_341,-55004.855769230766,1181.734735576923,Gabra2,Gabrb1,0.5,0,1,0
114_343,-55215.3125,1182.1890625,Gabra2,Gabrb1,0.5,2,7,1
114_345,-55113.30528846154,1181.8344951923077,Gabra2,Gabrb1,0.5,2,0,0
114_346,-55179.230769230766,1180.3368990384615,Gabra2,Gabrb1,0.5,3,0,0
114_348,-55120.69711538462,1179.3248798076922,Gabra2,Gabrb1,0.5,3,0,0
114_353,-55156.28605769231,1176.8405048076922,Gabra2,Gabrb1,0.5,2,0,0
114_354,-55056.00961538462,1174.9853365384615,Gabra2,Gabrb1,0.5,2,1,0
114_355,-55279.32692307692,1172.8765625,Gabra2,Gabrb1,0.5,8,2,0
114_356,-55170.474759615376,1178.5207932692306,Gabra2,Gabrb1,0.5,0,0,0
114_358,-55263.52163461538,1177.3477163461537,Gabra2,Gabrb1,0.5,1,0,0
114_359,-55254.47115384616,1173.4931490384615,Gabra2,Gabrb1,0.5,1,2,0
114_365,-55167.47596153846,1170.104927884615,Gabra2,Gabrb1,0.5,1,0,0
114_366,-55047.39182692307,1170.4342548076925,Gabra2,Gabrb1,0.5,3,0,0
114_367,-55007.668269230766,1168.1013221153844,Gabra2,Gabrb1,0.5,2,1,0
114_369,-55121.730769230766,1171.9618990384615,Gabra2,Gabrb1,0.5,2,0,0
114_370,-55076.87499999999,1167.7124999999996,Gabra2,Gabrb1,0.5,1,0,0
114_371,-55085.09615384615,1166.5364182692308,Gabra2,Gabrb1,0.5,2,0,0
114_372,-55200.12620192306,1169.8224759615384,Gabra2,Gabrb1,0.5,0,0,0
114_373,-55071.00961538461,1162.8302884615384,Gabra2,Gabrb1,0.5,0,0,0
114_374,-55064.25480769231,1162.342908653846,Gabra2,Gabrb1,0.5,10,7,1
114_375,-55002.49399038461,1166.3603365384615,Gabra2,Gabrb1,0.5,0,1,0
114_376,-55262.58413461538,1164.5844951923077,Gabra2,Gabrb1,0.5,0,0,0
114_379,-55195.68509615384,1163.3020432692308,Gabra2,Gabrb1,0.5,3,1,1
114_380,-55056.16586538461,1164.9264423076922,Gabra2,Gabrb1,0.5,2,1,0
114_383,-55101.12379807692,1162.6728365384615,Gabra2,Gabrb1,0.5,0,2,0
114_384,-55015.56490384615,1159.4618990384615,Gabra2,Gabrb1,0.5,1,3,0
114_385,-55046.081730769234,1162.9228365384615,Gabra2,Gabrb1,0.5,0,4,0
114_386,-55113.61778846153,1160.2323317307691,Gabra2,Gabrb1,0.5,1,0,0
114_387,-55081.58052884615,1155.3951923076922,Gabra2,Gabrb1,0.5,5,1,0
114_392,-55266.051682692305,1156.511778846154,Gabra2,Gabrb1,0.5,4,5,0
114_393,-55096.26201923077,1154.816466346154,Gabra2,Gabrb1,0.5,1,3,0
114_394,-55023.106971153844,1158.0135817307691,Gabra2,Gabrb1,0.5,0,1,0
114_395,-54998.72596153846,1152.5748798076922,Gabra2,Gabrb1,0.5,1,0,0
114_396,-55073.17307692307,1156.4823317307694,Gabra2,Gabrb1,0.5,0,1,0
114_397,-55145.84134615384,1155.9342548076922,Gabra2,Gabrb1,0.5,0,0,0
114_399,-55060.28846153845,1153.4042067307691,Gabra2,Gabrb1,0.5,4,5,0
114_400,-55051.68269230769,1152.4721153846153,Gabra2,Gabrb1,0.5,5,0,0
114_401,-55005.57091346153,1153.8224759615384,Gabra2,Gabrb1,0.5,2,2,1
114_402,-55227.331730769234,1154.8681490384615,Gabra2,Gabrb1,0.5,0,2,0
114_403,-55018.96634615384,1152.952283653846,Gabra2,Gabrb1,0.5,2,3,0
114_404,-55120.28245192308,1152.0520432692306,Gabra2,Gabrb1,0.5,0,0,0
114_405,-55239.903846153844,1151.7305288461537,Gabra2,Gabrb1,0.5,3,0,0
114_406,-55129.65745192308,1151.6998798076925,Gabra2,Gabrb1,0.5,0,0,0
114_408,-55067.397836538454,1149.775,Gabra2,Gabrb1,0.5,3,5,1
114_410,-55126.550480769234,1145.7575721153846,Gabra2,Gabrb1,0.5,4,0,0
114_411,-55026.772836538454,1148.617548076923,Gabra2,Gabrb1,0.5,2,0,0
114_412,-55009.95192307692,1150.7780048076922,Gabra2,Gabrb1,0.5,1,0,0
114_413,-55111.27403846153,1147.8789663461537,Gabra2,Gabrb1,0.5,0,1,0
114_415,-55145.14423076923,1146.5796875,Gabra2,Gabrb1,0.5,3,0,0
114_416,-55191.78485576923,1145.3921875,Gabra2,Gabrb1,0.5,2,0,0
114_417,-55088.59374999999,1146.4126201923077,Gabra2,Gabrb1,0.5,2,3,0
114_418,-55043.96634615384,1142.6013221153844,Gabra2,Gabrb1,0.5,3,1,0
114_419,-55002.33774038462,1142.1415865384615,Gabra2,Gabrb1,0.5,0,0,0
114_420,-55053.894230769234,1143.3933894230768,Gabra2,Gabrb1,0.5,5,1,0
114_422,-55134.51923076923,1139.9402644230768,Gabra2,Gabrb1,0.5,0,4,0
114_424,-55079.50721153846,1143.6578125,Gabra2,Gabrb1,0.5,0,0,0
114_425,-55061.33413461538,1141.0568509615384,Gabra2,Gabrb1,0.5,0,0,0
114_426,-55019.11057692308,1139.222716346154,Gabra2,Gabrb1,0.5,0,3,0
114_427,-55115.47475961538,1139.1584134615384,Gabra2,Gabrb1,0.5,4,4,0
114_428,-55152.92067307692,1136.9787259615384,Gabra2,Gabrb1,0.5,2,3,1
114_429,-55035.77524038461,1139.0141826923077,Gabra2,Gabrb1,0.5,0,1,0
114_430,-55162.33173076923,1136.9006009615384,Gabra2,Gabrb1,0.5,7,1,0
114_431,-55070.82932692307,1140.2647836538458,Gabra2,Gabrb1,0.5,2,1,0
114_432,-55028.31129807692,1137.3561298076922,Gabra2,Gabrb1,0.5,2,0,0
114_434,-55276.496394230766,1137.4498798076925,Gabra2,Gabrb1,0.5,0,0,0
114_435,-55100.50480769231,1135.2671875,Gabra2,Gabrb1,0.5,2,0,0
114_436,-55006.94711538461,1134.0838942307691,Gabra2,Gabrb1,0.5,0,0,0
114_437,-55143.65384615384,1135.7743990384615,Gabra2,Gabrb1,0.5,2,3,1
114_438,-55126.16586538462,1134.031610576923,Gabra2,Gabrb1,0.5,4,7,0
114_439,-55179.62740384615,1135.4150240384615,Gabra2,Gabrb1,0.5,1,0,0
114_443,-55170.85336538462,1132.9426682692306,Gabra2,Gabrb1,0.5,5,0,0
114_444,-55088.50360576923,1131.9252403846153,Gabra2,Gabrb1,0.5,2,0,0
114_446,-55188.84615384616,1134.467908653846,Gabra2,Gabrb1,0.5,0,0,0
114_447,-55108.39543269231,1130.0376201923077,Gabra2,Gabrb1,0.5,2,2,0
114_448,-55050.31249999999,1129.534014423077,Gabra2,Gabrb1,0.5,2,8,0
114_450,-55042.542067307695,1130.4264423076925,Gabra2,Gabrb1,0.5,6,2,0
114_451,-55034.44711538461,1130.4564903846153,Gabra2,Gabrb1,0.5,3,1,0
114_452,-55020.378605769234,1129.475721153846,Gabra2,Gabrb1,0.5,0,0,0
114_453,-55074.05048076923,1129.155408653846,Gabra2,Gabrb1,0.5,0,0,0
114_454,-55267.72235576923,1132.0021634615384,Gabra2,Gabrb1,0.5,0,0,0
114_455,-55258.25120192308,1129.2918269230768,Gabra2,Gabrb1,0.5,0,0,0
114_456,-55135.55288461538,1127.5592548076922,Gabra2,Gabrb1,0.5,4,4,1
114_458,-55065.72115384615,1126.0736778846156,Gabra2,Gabrb1,0.5,2,0,0
114_461,-55185.10817307692,1124.3729567307691,Gabra2,Gabrb1,0.5,5,4,0
114_462,-55119.855769230766,1129.651802884615,Gabra2,Gabrb1,0.5,1,0,0
114_464,-55013.25721153846,1127.4198317307691,Gabra2,Gabrb1,0.5,1,1,0
114_465,-55147.830528846156,1126.476923076923,Gabra2,Gabrb1,0.5,9,0,0
114_466,-55078.94230769231,1127.4138221153846,Gabra2,Gabrb1,0.5,0,0,0
114_468,-55158.07091346153,1128.288221153846,Gabra2,Gabrb1,0.5,1,1,0
114_469,-55175.763221153844,1125.0592548076922,Gabra2,Gabrb1,0.5,5,5,0
114_470,-55057.578125,1122.9336538461537,Gabra2,Gabrb1,0.5,4,2,0
114_472,-55168.20913461538,1123.8092548076925,Gabra2,Gabrb1,0.5,4,1,0
114_473,-55098.828125,1123.3825721153846,Gabra2,Gabrb1,0.5,0,2,0
114_474,-55246.39423076923,1116.6451923076922,Gabra2,Gabrb1,0.5,1,0,0
114_475,-55125.060096153844,1123.1025240384615,Gabra2,Gabrb1,0.5,1,2,0
114_476,-55116.51442307692,1123.3344951923077,Gabra2,Gabrb1,0.5,3,2,0
114_477,-55200.65504807692,1122.9841346153846,Gabra2,Gabrb1,0.5,1,0,0
114_478,-55224.32692307692,1120.933052884615,Gabra2,Gabrb1,0.5,6,0,0
114_479,-55233.34134615384,1120.8381009615384,Gabra2,Gabrb1,0.5,1,0,0
114_480,-55214.62740384616,1119.5213942307691,Gabra2,Gabrb1,0.5,2,4,0
114_481,-55219.80769230769,1121.433052884615,Gabra2,Gabrb1,0.5,0,1,0
114_482,-55206.91105769231,1120.9558894230768,Gabra2,Gabrb1,0.5,4,0,0
114_484,-55108.449519230766,1118.9919471153846,Gabra2,Gabrb1,0.5,0,1,0
114_485,-55082.07932692308,1119.0003605769232,Gabra2,Gabrb1,0.5,0,1,0
114_486,-55139.96394230769,1119.3356971153846,Gabra2,Gabrb1,0.5,3,1,1
114_487,-55034.65144230769,1120.3056490384615,Gabra2,Gabrb1,0.5,0,2,0
114_488,-55015.17427884615,1112.8152644230768,Gabra2,Gabrb1,0.5,3,0,0
114_489,-55074.12259615384,1118.058653846154,Gabra2,Gabrb1,0.5,0,1,0
114_490,-55159.05649038461,1119.0532451923077,Gabra2,Gabrb1,0.5,1,2,0
114_491,-55091.33413461538,1117.3435096153844,Gabra2,Gabrb1,0.5,0,1,0
114_493,-55196.59855769231,1112.7203125,Gabra2,Gabrb1,0.5,4,4,0
114_495,-55164.74759615384,1115.389783653846,Gabra2,Gabrb1,0.5,3,0,0
114_496,-55147.25961538461,1117.9721153846153,Gabra2,Gabrb1,0.5,1,3,0
114_497,-55271.34615384615,1115.7876201923077,Gabra2,Gabrb1,0.5,0,0,0
114_498,-55128.17307692308,1115.6626201923077,Gabra2,Gabrb1,0.5,3,0,0
114_499,-55254.49519230769,1110.3314903846153,Gabra2,Gabrb1,0.5,2,3,0
114_500,-55115.054086538454,1114.7263221153846,Gabra2,Gabrb1,0.5,1,2,0
114_501,-55063.52163461538,1111.5436298076922,Gabra2,Gabrb1,0.5,11,7,3
114_503,-55220.19230769231,1113.9600961538463,Gabra2,Gabrb1,0.5,4,1,0
114_504,-55207.39182692308,1113.2341346153844,Gabra2,Gabrb1,0.5,4,1,0
114_505,-55170.61298076923,1114.4871394230768,Gabra2,Gabrb1,0.5,0,5,0
114_507,-55235.15625,1110.6842548076922,Gabra2,Gabrb1,0.5,7,2,2
114_508,-55100.15625,1108.4871394230772,Gabra2,Gabrb1,0.5,11,5,0
114_509,-55227.45192307692,1111.1439903846153,Gabra2,Gabrb1,0.5,3,1,0
114_510,-55280.558894230766,1111.8555288461537,Gabra2,Gabrb1,0.5,1,0,0
114_511,-55029.72355769231,1108.6998798076922,Gabra2,Gabrb1,0.5,0,2,0
114_512,-55176.86298076923,1107.4294471153846,Gabra2,Gabrb1,0.5,4,0,0
114_513,-55149.33894230769,1108.7443509615384,Gabra2,Gabrb1,0.5,1,0,0
114_514,-55083.42548076923,1111.3417067307691,Gabra2,Gabrb1,0.5,2,0,0
114_515,-55266.57451923077,1102.4655048076925,Gabra2,Gabrb1,0.5,3,1,0
114_516,-55120.366586538454,1108.1662259615382,Gabra2,Gabrb1,0.5,1,3,0
114_517,-55187.554086538454,1107.4504807692306,Gabra2,Gabrb1,0.5,2,5,0
114_518,-55089.09254807692,1107.7834134615382,Gabra2,Gabrb1,0.5,1,4,0
114_519,-55073.06490384616,1108.8741586538463,Gabra2,Gabrb1,0.5,4,1,0
114_520,-55165.93749999999,1103.511177884615,Gabra2,Gabrb1,0.5,6,2,0
114_521,-55109.79567307692,1105.7792067307691,Gabra2,Gabrb1,0.5,3,7,0
114_522,-55050.42067307692,1106.6409855769232,Gabra2,Gabrb1,0.5,0,1,0
114_524,-55137.86057692308,1106.2984375,Gabra2,Gabrb1,0.5,4,0,0
114_526,-55244.75961538462,1100.797235576923,Gabra2,Gabrb1,0.5,1,5,0
114_527,-55213.68990384616,1104.136177884615,Gabra2,Gabrb1,0.5,13,0,0
114_528,-55282.10336538461,1101.9763221153844,Gabra2,Gabrb1,0.5,0,0,0
114_529,-55199.51923076923,1103.2155048076922,Gabra2,Gabrb1,0.5,3,2,0
114_530,-55256.77884615384,1098.979927884615,Gabra2,Gabrb1,0.5,3,0,0
114_531,-55233.71394230769,1101.7275240384615,Gabra2,Gabrb1,0.5,0,1,0
114_532,-55272.92067307692,1095.8465144230768,Gabra2,Gabrb1,0.5,6,3,0
114_533,-55224.93990384615,1101.5334134615382,Gabra2,Gabrb1,0.5,1,3,0
114_535,-55142.43990384615,1099.330889423077,Gabra2,Gabrb1,0.5,3,1,0
114_537,-55159.15865384616,1094.9594951923077,Gabra2,Gabrb1,0.5,6,2,0
114_538,-55044.95192307692,1097.734735576923,Gabra2,Gabrb1,0.5,7,2,0
114_539,-55131.97115384615,1098.5075721153846,Gabra2,Gabrb1,0.5,3,1,0
114_541,-55187.89663461538,1097.957091346154,Gabra2,Gabrb1,0.5,4,5,0
114_542,-55122.52403846154,1097.7485576923077,Gabra2,Gabrb1,0.5,3,6,4
114_543,-55096.23798076923,1100.136177884615,Gabra2,Gabrb1,0.5,4,0,0
114_544,-55087.96875,1097.859735576923,Gabra2,Gabrb1,0.5,6,11,0
114_546,-55177.87259615384,1097.2155048076922,Gabra2,Gabrb1,0.5,2,7,0
114_547,-55215.49278846154,1093.8969951923077,Gabra2,Gabrb1,0.5,4,1,0
114_548,-55169.06249999999,1094.1325721153846,Gabra2,Gabrb1,0.5,3,2,0
114_549,-55235.49278846153,1095.9450721153846,Gabra2,Gabrb1,0.5,0,1,0
114_550,-55206.14182692307,1093.5616586538465,Gabra2,Gabrb1,0.5,2,1,0
114_552,-55150.03605769231,1090.0484374999999,Gabra2,Gabrb1,0.5,0,0,0
114_553,-55263.707932692305,1090.2810096153844,Gabra2,Gabrb1,0.5,3,3,0
114_554,-55194.79567307692,1089.0838942307691,Gabra2,Gabrb1,0.5,4,2,0
114_557,-55226.43028846154,1092.1349759615384,Gabra2,Gabrb1,0.5,3,2,0
114_559,-55280.61298076923,1089.9138221153846,Gabra2,Gabrb1,0.5,0,0,0
114_560,-55252.34375,1089.5009615384615,Gabra2,Gabrb1,0.5,2,3,0
114_562,-55243.22115384615,1089.8188701923077,Gabra2,Gabrb1,0.5,5,2,0
114_563,-55129.260817307695,1088.3056490384615,Gabra2,Gabrb1,0.5,5,4,1
114_564,-55091.92307692307,1089.011177884615,Gabra2,Gabrb1,0.5,4,3,0
114_566,-55177.05528846153,1086.0911057692306,Gabra2,Gabrb1,0.5,1,0,0
114_567,-55105.75721153846,1086.634375,Gabra2,Gabrb1,0.5,5,5,2
114_568,-55219.29086538462,1084.5832932692308,Gabra2,Gabrb1,0.5,3,0,0
114_569,-55141.05769230769,1083.9354567307694,Gabra2,Gabrb1,0.5,3,3,0
114_571,-55273.125,1082.9721153846153,Gabra2,Gabrb1,0.5,3,2,0
114_572,-55209.31490384615,1084.7473557692306,Gabra2,Gabrb1,0.5,1,0,0
114_573,-55187.01923076923,1083.6007211538463,Gabra2,Gabrb1,0.5,3,2,0
114_574,-55167.602163461546,1082.3897836538463,Gabra2,Gabrb1,0.5,8,3,0
114_576,-54999.96995192308,1086.5850961538463,Gabra2,Gabrb1,0.5,0,0,0
114_578,-55229.30288461538,1082.643389423077,Gabra2,Gabrb1,0.5,5,7,3
114_579,-55236.49038461538,1082.827283653846,Gabra2,Gabrb1,0.5,2,2,0
114_580,-55086.63461538461,1081.7984375,Gabra2,Gabrb1,0.5,1,1,0
114_582,-55044.96394230769,1081.1830528846153,Gabra2,Gabrb1,0.5,0,1,0
114_583,-55281.61057692308,1080.2227163461537,Gabra2,Gabrb1,0.5,1,2,0
114_584,-55264.72355769231,1080.4384615384615,Gabra2,Gabrb1,0.5,2,0,0
114_585,-55247.42788461538,1080.339302884615,Gabra2,Gabrb1,0.5,0,0,0
114_587,-55199.19471153846,1078.9270432692308,Gabra2,Gabrb1,0.5,1,1,0
114_588,-55255.74519230769,1077.4949519230768,Gabra2,Gabrb1,0.5,1,3,0
114_589,-55158.73798076923,1075.2251201923077,Gabra2,Gabrb1,0.5,2,2,0
114_590,-55024.92788461538,1075.8212740384615,Gabra2,Gabrb1,0.5,2,0,0
114_591,-55176.64663461538,1072.4751201923077,Gabra2,Gabrb1,0.5,8,7,0
114_592,-55192.554086538454,1074.945673076923,Gabra2,Gabrb1,0.5,4,5,0
114_594,-55205.20432692307,1072.4090144230768,Gabra2,Gabrb1,0.5,5,2,1
114_595,-55149.95192307692,1072.4006009615384,Gabra2,Gabrb1,0.5,4,4,0
114_598,-55269.435096153844,1071.897596153846,Gabra2,Gabrb1,0.5,3,1,0
114_599,-55244.855769230766,1071.460096153846,Gabra2,Gabrb1,0.5,3,2,0
114_600,-55284.44110576922,1069.8080528846153,Gabra2,Gabrb1,0.5,0,0,0
114_601,-55224.65144230769,1071.6001201923077,Gabra2,Gabrb1,0.5,6,1,0
114_602,-55134.669471153844,1067.742548076923,Gabra2,Gabrb1,0.5,11,3,0
114_603,-55277.92067307692,1069.3801682692308,Gabra2,Gabrb1,0.5,7,4,1
114_605,-55260.70913461538,1069.441466346154,Gabra2,Gabrb1,0.5,5,3,0
114_607,-55235.51682692308,1066.9306490384615,Gabra2,Gabrb1,0.5,2,5,0
114_608,-55064.42307692308,1064.0322115384615,Gabra2,Gabrb1,0.5,0,7,0
114_610,-55190.68509615384,1065.8290865384615,Gabra2,Gabrb1,0.5,3,1,0
114_612,-55206.75480769231,1063.3332932692308,Gabra2,Gabrb1,0.5,3,1,0
114_614,-55267.06730769231,1062.3356971153844,Gabra2,Gabrb1,0.5,6,5,0
114_615,-55255.86538461538,1061.6013221153846,Gabra2,Gabrb1,0.5,7,2,0
114_616,-55245.14423076923,1061.0484375,Gabra2,Gabrb1,0.5,1,1,0
114_617,-55220.45072115384,1062.9721153846153,Gabra2,Gabrb1,0.5,9,3,2
114_619,-55280.9375,1059.5790865384615,Gabra2,Gabrb1,0.5,4,2,0
114_620,-55227.355769230766,1059.205889423077,Gabra2,Gabrb1,0.5,3,1,0
114_622,-55234.56730769231,1057.961298076923,Gabra2,Gabrb1,0.5,3,0,0
114_624,-55183.84615384615,1055.1349759615382,Gabra2,Gabrb1,0.5,2,5,0
114_625,-55273.01682692308,1055.589903846154,Gabra2,Gabrb1,0.5,0,4,0
114_627,-55261.45432692307,1053.1013221153846,Gabra2,Gabrb1,0.5,2,0,0
114_630,-55240.25240384616,1050.7353365384615,Gabra2,Gabrb1,0.5,0,4,0
114_631,-55221.11778846154,1052.3453125,Gabra2,Gabrb1,0.5,4,0,0
114_632,-55251.63461538461,1049.5760817307691,Gabra2,Gabrb1,0.5,2,2,0
114_635,-55276.63461538461,1047.737139423077,Gabra2,Gabrb1,0.5,5,0,0
114_639,-55284.30288461538,1045.5352163461537,Gabra2,Gabrb1,0.5,3,0,0
114_646,-55257.63221153846,1040.8585336538463,Gabra2,Gabrb1,0.5,6,1,0
114_648,-55279.72355769231,1039.0989182692308,Gabra2,Gabrb1,0.5,4,0,0
114_650,-55227.86057692308,1041.7203125,Gabra2,Gabrb1,0.5,4,0,0
114_651,-55093.96634615384,1038.3783653846153,Gabra2,Gabrb1,0.5,0,2,0
114_652,-55017.872596153844,1037.6866586538463,Gabra2,Gabrb1,0.5,0,0,0
114_656,-55005.859375,1034.3453125,Gabra2,Gabrb1,0.5,0,0,0
114_662,-55052.57211538462,1026.752764423077,Gabra2,Gabrb1,0.5,3,1,0
114_675,-55126.47836538461,1015.1662259615384,Gabra2,Gabrb1,0.5,0,0,0
114_678,-55236.10576923077,1015.055048076923,Gabra2,Gabrb1,0.5,5,0,0
114_683,-55018.68990384615,1009.5207932692308,Gabra2,Gabrb1,0.5,0,1,0
114_693,-55058.94230769231,1003.4510817307691,Gabra2,Gabrb1,0.5,1,1,0
114_695,-55072.07932692308,1002.6806490384615,Gabra2,Gabrb1,0.5,0,0,0
115_261,-55165.588942307695,1491.9302884615386,Gabra2,Gabrb1,0.5,0,4,0
115_265,-55067.512019230766,1480.3197115384614,Gabra2,Gabrb1,0.5,0,1,0
115_268,-55078.04086538461,1473.1370192307693,Gabra2,Gabrb1,0.5,1,1,0
115_270,-55096.69471153846,1469.342548076923,Gabra2,Gabrb1,0.5,0,0,0
115_271,-55246.81490384615,1467.030048076923,Gabra2,Gabrb1,0.5,3,0,0
115_276,-55198.25721153846,1455.9423076923078,Gabra2,Gabrb1,0.5,2,1,0
115_285,-55090.37259615384,1437.0913461538462,Gabra2,Gabrb1,0.5,1,0,0
115_286,-55133.762019230766,1432.7253605769229,Gabra2,Gabrb1,0.5,1,0,0
115_288,-55189.41105769231,1430.876201923077,Gabra2,Gabrb1,0.5,0,0,0
115_290,-55238.06490384616,1426.9086538461538,Gabra2,Gabrb1,0.5,0,5,0
115_421,-55108.18509615384,1488.5348557692307,Gabra2,Gabrb1,0.5,0,0,0
115_422,-55237.325721153844,1481.4657451923076,Gabra2,Gabrb1,0.5,1,0,0
115_423,-55087.56610576922,1484.8317307692307,Gabra2,Gabrb1,0.5,0,3,0
115_424,-55264.09855769231,1473.0540865384614,Gabra2,Gabrb1,0.5,0,0,0
115_425,-55014.387019230766,1477.53125,Gabra2,Gabrb1,0.5,0,0,0
115_428,-55281.20192307692,1472.7127403846152,Gabra2,Gabrb1,0.5,0,0,0
115_433,-55041.658653846156,1452.7415865384614,Gabra2,Gabrb1,0.5,0,0,0
115_434,-55152.28365384615,1449.9302884615383,Gabra2,Gabrb1,0.5,0,0,0
115_435,-55064.591346153844,1449.5594951923076,Gabra2,Gabrb1,0.5,1,3,0
115_436,-55143.14903846154,1443.7139423076924,Gabra2,Gabrb1,0.5,0,0,0
115_439,-55184.24278846154,1436.6766826923076,Gabra2,Gabrb1,0.5,0,1,0
115_440,-55150.27644230769,1433.7806490384614,Gabra2,Gabrb1,0.5,1,3,0
115_441,-55110.52884615384,1431.359375,Gabra2,Gabrb1,0.5,0,0,0
115_443,-55013.515625,1431.2277644230767,Gabra2,Gabrb1,0.5,0,0,0
115_449,-55066.76081730769,1421.7704326923076,Gabra2,Gabrb1,0.5,0,0,0
