gene_A,gene_B,pvalue,qvalue_BH,qvalue_BO,gene_B_around,gene_B_slice,gene_around,gene_slice,gene_A_N,gene_B_N,pair,enrichment_ratio,support_ratio
Clu,Apoe,3.546414862528735e-170,2.6172541685462066e-167,2.6172541685462066e-167,451,5932,9697,643013,3729,5932,Apoe_Clu,5.04147661674009,0.12094395280235988
Apoe,Cst3,1.9264235234099552e-159,7.696061976022771e-157,1.5392123952045541e-156,453,4330,14484,645946,5936,4330,Apoe_Cst3,4.665712806932617,0.1046189376443418
Apoe,Slc1a2,2.685539591346802e-140,7.152487111620317e-138,2.145746133486095e-137,398,4032,14519,688849,5958,4032,Apoe_Slc1a2,4.683277324348937,0.09871031746031746
Clu,Slc1a2,4.098233503462469e-96,1.512248162777651e-93,3.024496325555302e-93,265,4130,9989,756162,3826,4130,Clu_Slc1a2,4.857229877805053,0.06926293779404077
Clu,Cst3,3.197679384807373e-89,7.866291286626137e-87,2.359887385987841e-86,273,4333,9838,684434,3789,4333,Clu_Cst3,4.383274967231673,0.07205067300079177
Cr1l,Cd46,4.096019743172822e-71,1.6425039170123016e-68,1.6425039170123016e-68,47,235,753,261602,279,235,Cd46_Cr1l,69.48260292164674,0.2
Clu,Glul,1.2101670992660112e-62,2.2327582981457905e-60,8.931033192583162e-60,242,5040,10037,749867,3867,5040,Clu_Glul,3.587278933027165,0.0625808119989656
Gabrb1,Gabra2,2.342066033990312e-49,1.2178743376749622e-46,1.2178743376749624e-46,70,1550,2981,758653,1124,1550,Gabra2_Gabrb1,11.49337416541321,0.06227758007117438
Cst3,Slc1a2,1.0815445831866266e-46,2.7363077954621656e-44,8.208923386386496e-44,200,4107,11067,749565,4410,4107,Cst3_Slc1a2,3.2982584395477366,0.048697345994643294
Slc1a3,Apoe,1.1066721065002426e-46,5.710428069541252e-44,5.710428069541252e-44,173,5200,3647,401647,1293,5200,Apoe_Slc1a3,3.6639667482229865,0.13379737045630316
Apoe,Glul,8.029426130650556e-42,1.0692519130649657e-39,6.415511478389794e-39,267,4958,14665,694830,6020,4958,Apoe_Glul,2.551533254379405,0.05385235982250908
Atp1a2,Apoe,9.68899328050228e-41,5.600238116130318e-38,5.600238116130318e-38,175,5532,4321,446784,1591,5532,Apoe_Atp1a2,3.2709147326204415,0.10999371464487744
Tnr,Cop1,3.1205425874850026e-40,1.3855209088433411e-37,1.3855209088433411e-37,43,717,1603,516281,576,717,Cop1_Tnr,19.315320559167738,0.07465277777777778
Shprh,Grm1,1.9044278333194494e-39,9.02698792993419e-37,9.02698792993419e-37,35,400,1258,423764,470,400,Grm1_Shprh,29.474841017488078,0.0875
Slc1a2,Glul,1.4282616313513082e-35,2.7815395270566727e-33,1.1126158108226691e-32,190,5075,10924,826504,4253,5075,Glul_Slc1a2,2.8325711183222007,0.04467434751939807
Cst3,Glul,3.4062249933904094e-35,5.170649539966642e-33,2.5853247699833207e-32,203,5004,11165,743194,4460,5004,Cst3_Glul,2.700363345687087,0.04551569506726457
Clu,Atp1a2,7.605931157138803e-35,1.1226354387936871e-32,5.613177193968437e-32,118,1622,8936,478056,3420,1622,Atp1a2_Clu,3.891945684174737,0.07274969173859433
Aldoc,Glul,2.3429106663135156e-35,1.3823172931249743e-32,1.3823172931249743e-32,152,4588,5869,578760,2388,4588,Aldoc_Glul,3.2670409431851453,0.06365159128978225
Slc1a3,Cst3,1.1318687702989131e-34,2.920221427371196e-32,5.840442854742391e-32,122,3659,3704,421876,1317,3659,Cst3_Slc1a3,3.79761787409016,0.0926347760060744
Atp1a2,Slc1a2,9.206764214364407e-31,1.7738365719675426e-28,5.3215097159026275e-28,117,3625,4391,484060,1611,3625,Atp1a2_Slc1a2,3.558062808723172,0.07262569832402235
Cpe,Apoe,5.1649656187281e-31,3.2694232366548874e-28,3.2694232366548874e-28,141,5862,5049,657500,1978,5862,Apoe_Cpe,3.1323024128129795,0.07128412537917088
Bcl2l1,Id1,1.6868326490707493e-30,8.28234830693738e-28,8.28234830693738e-28,26,221,774,204564,297,221,Bcl2l1_Id1,31.093479252165988,0.11764705882352941
Cntn2,Nfasc,4.242583883889423e-30,1.0351904676690191e-27,1.0351904676690193e-27,24,272,488,207264,175,272,Cntn2_Nfasc,37.47540983606557,0.13714285714285715
Cpe,Clu,3.346138865709516e-30,1.0590529509970617e-27,2.1181059019941235e-27,106,3761,5321,718506,2073,3761,Clu_Cpe,3.80574488235499,0.05113362276893391
Apoe,Aldoc,1.0582629829858545e-28,1.0569401542571222e-26,8.455521234056978e-26,166,2346,13904,521833,5687,2346,Aldoc_Apoe,2.6556562623548445,0.07075873827791987
Rnf144a,Kidins220,2.595565310445239e-28,8.072208115484693e-26,8.072208115484693e-26,29,633,862,384770,331,633,Kidins220_Rnf144a,20.44976046740927,0.08761329305135952
Scd2,Clu,2.772021930480768e-27,1.865570759213557e-24,1.8655707592135567e-24,102,3814,5467,736256,2029,3814,Clu_Scd2,3.6016313354215965,0.05027106949236077
Prkcb,Tnrc6a,6.913596564479797e-27,3.5535886341426154e-24,3.5535886341426154e-24,30,429,1857,447953,668,429,Prkcb_Tnrc6a,16.86881239385278,0.06993006993006994
Slc1a3,Slc1a2,1.5061590478374787e-25,2.5905935622804634e-23,7.771780686841389e-23,98,3382,3750,453656,1337,3382,Slc1a2_Slc1a3,3.5054829883698013,0.07329842931937172
Ptgds,Plp1,1.0392634941221001e-25,3.4191768956617096e-23,3.4191768956617096e-23,51,471,969,57489,370,471,Plp1_Ptgds,6.424069728461281,0.13783783783783785
Ntrk3,Mfge8,6.344246268744334e-26,4.326775955283636e-23,4.326775955283636e-23,33,393,2056,316667,786,393,Mfge8_Ntrk3,12.933053880654647,0.08396946564885496
Slc1a2,Cpe,5.984286938348677e-25,6.659656464248028e-23,4.66175952497362e-22,99,2177,10571,793192,4121,2177,Cpe_Slc1a2,3.4122356659370956,0.045475424896646764
Homer1,Serinc5,3.8534976784334464e-25,1.6454435086910816e-22,1.6454435086910816e-22,25,380,1176,382653,453,380,Homer1_Serinc5,21.406921321160045,0.06578947368421052
Scd2,Apoe,6.590555197790895e-25,2.217721824056636e-22,4.435443648113272e-22,132,5900,5280,663792,1951,5900,Apoe_Scd2,2.812677966101695,0.06765761148129165
Syt1,Nav3,3.3928499969946656e-25,2.239280998016479e-22,2.239280998016479e-22,29,266,2494,353411,852,266,Nav3_Syt1,15.448985836684734,0.10902255639097744
Zfyve16,Serinc5,1.8792297343032608e-24,5.562520013537652e-22,5.562520013537652e-22,20,262,597,267510,214,262,Serinc5_Zfyve16,34.20537803521424,0.09345794392523364
Atp6v1h,Rb1cc1,3.8261725118129184e-24,2.0890901914498535e-21,2.0890901914498535e-21,31,590,2224,542595,791,590,Atp6v1h_Rb1cc1,12.818897847823434,0.05254237288135593
Atp1a2,Cst3,2.4279830433722232e-23,3.5084354976728626e-21,1.403374199069145e-20,110,3884,4360,464072,1604,3884,Atp1a2_Cst3,3.0144795396781907,0.0685785536159601
Plpp3,Apoe,9.560644563483616e-24,4.3309719872580786e-21,4.3309719872580786e-21,108,4669,2472,328704,910,4669,Apoe_Plpp3,3.075788042178633,0.11868131868131868
Slc1a3,Clu,1.3440675704491118e-22,1.733847165879354e-20,6.935388663517416e-20,94,3245,3685,417012,1304,3245,Clu_Slc1a3,3.278115209078574,0.07208588957055215
Prickle2,Magi1,6.603434960313933e-22,4.14695715507715e-19,4.14695715507715e-19,31,491,2927,494664,1061,491,Magi1_Prickle2,10.670082670160602,0.06313645621181263
Nos1,Ksr2,1.5725597132394136e-21,5.28380063648443e-19,5.283800636484429e-19,18,228,614,245108,212,228,Ksr2_Nos1,31.515686610663465,0.08490566037735849
Scd2,Slc1a2,5.060858866166295e-21,1.1353193389766389e-18,3.4059580169299164e-18,93,4137,5642,788638,2082,4137,Scd2_Slc1a2,3.1422594809106776,0.0446685878962536
Syn2,Atg7,1.7213717578487338e-20,1.0293803111935429e-17,1.0293803111935429e-17,22,265,1526,320687,535,265,Atg7_Syn2,17.446311728776678,0.0830188679245283
Grin2b,Emp1,2.2326270090884425e-20,1.3284130704076233e-17,1.3284130704076233e-17,19,163,1086,218386,382,163,Emp1_Grin2b,23.440181224508244,0.1165644171779141
Nrgn,Esam,2.9689195826703255e-20,2.5770221977578426e-17,2.5770221977578426e-17,35,228,5186,253613,1823,228,Esam_Nrgn,7.507099918133165,0.15350877192982457
Crebbp,Adcy9,6.380599721738487e-20,3.222202859477936e-17,3.222202859477936e-17,27,706,1814,542000,673,706,Adcy9_Crebbp,11.426706353792193,0.04011887072808321
Tcf4,Mc2r,5.1182915624566277e-20,3.500911428720334e-17,3.500911428720333e-17,20,134,1532,201740,543,134,Mc2r_Tcf4,19.654339269708895,0.14925373134328357
Cst3,Aldoc,7.139805307587268e-19,7.741588897798194e-17,5.419112228458736e-16,116,2344,10185,521665,4039,2344,Aldoc_Cst3,2.5347261666004846,0.04948805460750853
Smad3,Map2k5,1.8584255034647959e-19,8.009813919933271e-17,8.009813919933271e-17,21,393,1235,400363,453,393,Map2k5_Smad3,17.322625706956764,0.05343511450381679
Ahcyl1,Csf1,1.7137509158382222e-19,1.141358109948256e-16,1.141358109948256e-16,25,387,2323,446264,869,387,Ahcyl1_Csf1,12.409997319246587,0.06459948320413436
Dgki,Chrm2,2.9278645731335773e-19,1.84162681650102e-16,1.8416268165010202e-16,18,136,1053,182059,405,136,Chrm2_Dgki,22.883232780291607,0.1323529411764706
Trio,Ctnnd2,6.948720949295933e-19,3.6202836145831813e-16,3.6202836145831813e-16,21,383,1450,428915,540,383,Ctnnd2_Trio,16.218988025569463,0.05483028720626632
Gja1,Apoe,1.2054446668853333e-18,4.05029408073472e-16,4.05029408073472e-16,83,4141,1575,241163,550,4141,Apoe_Gja1,3.0690430576158665,0.1509090909090909
Shtn1,Slc18a2,2.96409114824151e-18,9.574014408820077e-16,9.574014408820077e-16,13,112,346,139338,141,112,Shtn1_Slc18a2,46.743239058629236,0.11607142857142858
Plp1,Mbp,5.222919428010928e-18,9.610171747540108e-16,1.9220343495080216e-15,30,440,1458,172068,557,440,Mbp_Plp1,8.046576879910214,0.06818181818181818
Meg3,Malat1,1.6010812129148205e-18,1.2968757824610047e-15,1.2968757824610047e-15,1230,100175,9433,979054,3491,100175,Malat1_Meg3,1.2743906369091025,0.3523345746204526
Bcl2,Phlpp1,8.282390669601427e-18,1.416288804501844e-15,1.416288804501844e-15,14,191,359,174409,143,191,Bcl2_Phlpp1,35.609765345856,0.0979020979020979
Olig2,Ifnar1,8.457893158992687e-18,1.6915786317985372e-15,1.6915786317985374e-15,12,91,263,108550,93,91,Ifnar1_Olig2,54.42694187941336,0.13186813186813187
Arpp21,Clasp2,5.1134146600306204e-18,2.96578050281776e-15,2.96578050281776e-15,28,661,2819,602271,1148,661,Arpp21_Clasp2,9.050101456563121,0.04236006051437216
Rasgrf2,Serinc5,5.128047546904065e-18,3.1178529085176714e-15,3.1178529085176714e-15,27,537,2795,529963,1011,537,Rasgrf2_Serinc5,9.533518553682255,0.05027932960893855
Gabbr2,Tgfbr1,6.217423875625883e-18,3.4693225225992427e-15,3.4693225225992427e-15,19,242,1332,297718,481,242,Gabbr2_Tgfbr1,17.548463753009205,0.07851239669421488
Cacna1d,Cacna2d3,6.9318176307282445e-18,3.826363332161991e-15,3.826363332161991e-15,23,449,1771,423328,690,449,Cacna1d_Cacna2d3,12.244468226650856,0.051224944320712694
Plcb1,Plcb4,9.174756201184737e-18,4.926844080036204e-15,4.926844080036204e-15,15,132,695,177890,246,132,Plcb1_Plcb4,29.086003924133422,0.11363636363636363
Id2,Rnf144a,1.401481075747633e-17,5.1994947910237185e-15,5.199494791023719e-15,16,189,743,214348,273,189,Id2_Rnf144a,24.42242588675967,0.08465608465608465
Apoe,Gpr37l1,9.978543160670387e-17,6.6440466544797e-15,7.97285598537564e-14,72,616,10893,285122,4336,616,Apoe_Gpr37l1,3.05939117340935,0.11688311688311688
Nell2,Ano6,1.3130568888939227e-17,9.729751546703968e-15,9.729751546703968e-15,28,299,3970,361626,1386,299,Ano6_Nell2,8.530136559311895,0.09364548494983277
Mobp,Mbp,6.937823789244206e-17,1.9634041323561103e-14,1.9634041323561103e-14,23,588,817,229149,346,588,Mbp_Mobp,10.971005170734143,0.06647398843930635
Slc1a2,Cd44,2.7280184341590057e-16,2.361251511344295e-14,2.1251263602098655e-13,20,141,2291,203020,856,141,Cd44_Slc1a2,12.569691453761404,0.14184397163120568
Taok3,Nos1,8.261082677403033e-17,2.4204972244790886e-14,2.4204972244790886e-14,13,160,416,187990,148,160,Nos1_Taok3,36.716796875,0.08783783783783784
Clu,Aldoc,3.498845799312967e-16,2.5821481998929695e-14,2.5821481998929697e-13,101,2338,9177,530335,3528,2338,Aldoc_Clu,2.496470422532323,0.043199315654405476
Cckar,Rbpj,2.9179059956765053e-16,2.9762641155900355e-14,2.9762641155900355e-14,10,74,168,88736,66,74,Cckar_Rbpj,71.37709137709138,0.15151515151515152
Mef2c,Rasa1,7.125030045152931e-17,4.232267846820841e-14,4.232267846820841e-14,37,1292,3969,797189,1431,1292,Mef2c_Rasa1,5.752007040633017,0.02863777089783282
Pgm1,Atg4c,1.5339130198049338e-16,4.893182533177739e-14,4.893182533177739e-14,18,466,848,364322,291,466,Atg4c_Pgm1,16.594957081545065,0.061855670103092786
Plppr1,Slc44a1,2.0712087716013224e-16,6.897125209432403e-14,6.897125209432403e-14,17,358,804,309485,296,358,Plppr1_Slc44a1,18.27887448233692,0.057432432432432436
Slc2a13,Lrrk2,2.360645962673905e-16,1.1567165217102131e-13,1.1567165217102134e-13,16,198,981,247819,348,198,Lrrk2_Slc2a13,20.413636878468687,0.08080808080808081
Cacna1d,Tkt,4.811609316161434e-16,1.3280041712605557e-13,2.6560083425211115e-13,21,463,1855,478072,711,463,Cacna1d_Tkt,11.689278291698926,0.04535637149028078
Clu,Plpp3,2.485584305885331e-15,1.6676011070394313e-13,1.8343612177433745e-12,64,925,7681,350203,2907,925,Clu_Plpp3,3.1545712305196743,0.06918918918918919
Tspan7,Clu,2.5002745238715104e-16,1.8252004024262025e-13,1.8252004024262025e-13,100,3875,8326,818227,2872,3875,Clu_Tspan7,2.5360960225643727,0.034818941504178275
Mfge8,Apoe,1.150243781708086e-15,2.1682095285197423e-13,4.3364190570394846e-13,68,4487,1632,333704,573,4487,Apoe_Mfge8,3.0988039521580864,0.11867364746945899
Nf1,Nlk,6.931203888791481e-16,3.673538061059485e-13,3.673538061059485e-13,16,202,1188,285948,400,202,Nf1_Nlk,19.065106510651066,0.07920792079207921
Gabbr2,Slc44a1,2.0092761387982194e-15,5.605880427247032e-13,1.1211760854494064e-12,24,598,2474,544138,886,598,Gabbr2_Slc44a1,8.827127882486218,0.04013377926421405
Irf2,Casp3,2.3520918489114035e-15,5.997834214724079e-13,5.997834214724079e-13,10,75,242,105859,86,75,Casp3_Irf2,58.324517906336084,0.13333333333333333
Ptk2,Ago2,1.2264849185854042e-15,6.193748838856292e-13,6.193748838856292e-13,20,500,1632,495146,587,500,Ago2_Ptk2,12.135931372549019,0.04
Atf6,Pbx1,1.395553892057061e-15,6.489325598065333e-13,6.489325598065333e-13,22,680,1793,570964,658,680,Atf6_Pbx1,10.302490075784917,0.03343465045592705
Ppp3ca,Emcn,1.609659011983099e-15,1.426157884617026e-12,1.4261578846170258e-12,35,241,7348,266290,2545,241,Emcn_Ppp3ca,5.263040497654258,0.14522821576763487
Rbfox3,Timp2,3.3337099675705178e-15,2.170245188888407e-12,2.170245188888407e-12,19,293,1571,301286,563,293,Rbfox3_Timp2,12.436230048468074,0.06484641638225255
Wdr59,Fa2h,6.425869716583374e-15,2.3582941859860984e-12,2.358294185986098e-12,11,102,316,117466,117,102,Fa2h_Wdr59,40.08829734425415,0.10784313725490197
Rasgrf2,Zfyve16,8.015136523170932e-15,2.4366015030439637e-12,4.8732030060879265e-12,19,312,1912,372511,693,312,Rasgrf2_Zfyve16,11.864521309408861,0.060897435897435896
Rims1,Kcnq5,6.227998595650143e-15,3.001895323103369e-12,3.001895323103369e-12,12,97,522,132962,182,97,Kcnq5_Rims1,31.511316506695106,0.12371134020618557
Prkn,Pde10a,1.0344733408824193e-14,3.0310068887854886e-12,3.0310068887854886e-12,14,276,679,287160,265,276,Pde10a_Prkn,21.452263558942178,0.052830188679245285
Scd2,Cst3,2.1369356773761373e-14,3.595394277185351e-12,1.4381577108741405e-11,84,4288,5409,713613,2004,4288,Cst3_Scd2,2.5844627734869743,0.041916167664670656
Lancl1,Rpe,8.570278109022698e-15,3.8137737585151006e-12,3.8137737585151006e-12,16,316,1002,323676,349,316,Lancl1_Rpe,16.355946335177745,0.05063291139240506
Gja1,Clu,2.6300041091147903e-14,4.418406903312848e-12,8.836813806625695e-12,54,2513,1600,253036,561,2513,Clu_Gja1,3.398314763231198,0.0962566844919786
Ncam1,Drd2,7.007025924174742e-15,4.4424544359267865e-12,4.4424544359267865e-12,13,107,778,163449,274,107,Drd2_Ncam1,25.52479398409533,0.12149532710280374
Ramp1,Hdac4,9.342717325762751e-15,4.830184857419343e-12,4.830184857419343e-12,15,216,1087,288909,405,216,Hdac4_Ramp1,18.457336706531738,0.06944444444444445
Artn,Kdm4a,3.251398954377825e-14,5.527378222442302e-12,5.527378222442302e-12,10,95,231,99271,93,95,Artn_Kdm4a,45.23627249943039,0.10752688172043011
Psma1,Pde3b,1.4709214776699018e-14,7.94297597941747e-12,7.94297597941747e-12,14,173,866,220977,306,173,Pde3b_Psma1,20.649574817445167,0.08092485549132948
Atp1a2,Glul,7.855385268215953e-14,9.080825370057641e-12,4.540412685028821e-11,95,4365,4437,481131,1628,4365,Atp1a2_Glul,2.3600068774991927,0.05835380835380835
Ryr3,Chrm5,3.345664136793765e-14,1.1375258065098802e-11,1.1375258065098802e-11,11,124,393,154213,148,124,Chrm5_Ryr3,34.80963227448083,0.08870967741935484
Ckb,Aldoc,1.6082856486848013e-14,1.2898450902452107e-11,1.2898450902452105e-11,87,2433,8768,622882,3219,2433,Aldoc_Ckb,2.540284646781931,0.035758323057953144
Scd2,Glul,9.95519600040381e-14,1.339969381654353e-11,6.699846908271764e-11,89,5003,5740,785929,2124,5003,Glul_Scd2,2.4357399845806804,0.04190207156308851
Dab1,Plpp3,3.107952789243453e-14,1.7186978924516297e-11,1.7186978924516297e-11,24,748,1433,346938,583,748,Dab1_Plpp3,7.768109235700877,0.0411663807890223
Dscam,Bace2,4.3017620162643677e-14,1.8841717631237932e-11,1.884171763123793e-11,11,98,485,145657,171,98,Bace2_Dscam,33.709804334104774,0.11224489795918367
Sparcl1,Clu,4.985910643573873e-14,3.5001092717888585e-11,3.500109271788859e-11,80,3815,6284,783292,2147,3815,Clu_Sparcl1,2.6138638310865434,0.037261294829995344
Ryr2,Chrm3,5.453688532757067e-14,3.981192628912659e-11,3.981192628912659e-11,16,141,1605,199332,627,141,Chrm3_Ryr2,14.092980711871148,0.11347517730496454
Bsg,Cldn5,8.726466839420121e-14,4.150585138773281e-11,6.370320792776688e-11,32,550,2743,245011,1151,550,Bsg_Cldn5,5.196932356742783,0.05818181818181818
Bsg,Slc2a1,1.1371466133625429e-13,4.150585138773281e-11,8.301170277546562e-11,33,690,3681,385456,1466,690,Bsg_Slc2a1,5.00810980003071,0.04782608695652174
Slc1a3,Aldoc,4.677213890488962e-13,4.826884734984609e-11,2.413442367492305e-10,59,2077,3597,377543,1272,2077,Aldoc_Slc1a3,2.9815459012077286,0.046383647798742135
Dscam,Brwd1,3.367291733890011e-13,5.972948073313597e-11,1.4748737794438247e-10,16,396,1260,401885,487,396,Brwd1_Dscam,12.887125220458554,0.04040404040404041
Dscam,Pcp4,4.0910603241873955e-13,5.972948073313597e-11,1.7918844219940794e-10,34,2314,2011,640727,764,2314,Dscam_Pcp4,4.681408261476315,0.04450261780104712
Gcg,Tank,3.9526513860510866e-13,6.996192953310424e-11,6.996192953310424e-11,10,139,271,134511,99,139,Gcg_Tank,35.70867291406727,0.10101010101010101
Gpr37l1,Cst3,4.3339315796962275e-13,7.931094790844097e-11,1.5862189581688194e-10,56,3106,1742,298302,622,3106,Cst3_Gpr37l1,3.087412016148886,0.09003215434083602
Plppr1,Invs,4.846237761872566e-13,8.068985873517823e-11,1.6137971747035643e-10,11,145,486,175188,178,145,Invs_Plppr1,27.345934440187317,0.07586206896551724
Hdac4,Ndufa10,6.729081396876427e-13,8.377706339111152e-11,1.6755412678222303e-10,12,288,513,269305,196,288,Hdac4_Ndufa10,21.873375568551005,0.061224489795918366
Atrn,Adra1d,1.904630462234545e-13,1.0475467542289998e-10,1.0475467542289998e-10,18,415,1821,457153,639,415,Adra1d_Atrn,10.888700105198387,0.043373493975903614
Abca2,Grin1,3.7903359396573905e-13,1.4592793367680954e-10,1.4592793367680954e-10,27,1647,1487,544546,517,1647,Abca2_Grin1,6.003351450273959,0.05222437137330754
Kcnd2,Ptprz1,2.5626706042156477e-13,1.4735355974239975e-10,1.4735355974239975e-10,24,749,2450,538808,962,749,Kcnd2_Ptprz1,7.046888095692216,0.03204272363150868
Mapk8,Bmpr1a,3.997738621974361e-13,1.5871022329238213e-10,1.5871022329238213e-10,14,337,901,356088,352,337,Bmpr1a_Mapk8,16.41839433270649,0.04154302670623145
Slc39a11,Sstr2,6.209195071575424e-13,1.608181523538035e-10,1.608181523538035e-10,10,124,347,146647,122,124,Slc39a11_Sstr2,34.081760713953706,0.08196721311475409
Atp8a1,Gabrb1,4.516568096146038e-13,2.651225472437724e-10,2.651225472437724e-10,29,1112,3539,745645,1269,1112,Atp8a1_Gabrb1,5.4947097704712755,0.026079136690647483
Slc6a1,Slc6a11,5.028623774964801e-13,2.665170600731344e-10,2.665170600731344e-10,17,270,1203,213372,442,270,Slc6a1_Slc6a11,11.167525630368523,0.06296296296296296
Grm7,Itpr1,4.841725775643655e-13,2.7936757725463895e-10,2.793675772546389e-10,23,706,2740,607714,1114,706,Grm7_Itpr1,7.225565021401543,0.032577903682719546
Dapk1,Ntrk2,4.882074990242678e-13,2.8169572693700253e-10,2.8169572693700253e-10,34,1463,3914,783203,1493,1463,Dapk1_Ntrk2,4.650376463758923,0.02323991797676008
Usp15,Avpr1a,6.480255835651793e-13,3.039239986920691e-10,3.0392399869206905e-10,11,137,511,169097,196,137,Avpr1a_Usp15,26.569728741411573,0.08029197080291971
Plpp3,Cst3,3.233857373072959e-12,3.662343475005126e-10,1.4649373900020504e-09,64,3361,2531,359474,926,3361,Cst3_Plpp3,2.7044988468489097,0.06911447084233262
Ptpn13,Slc10a6,4.75845567396212e-12,3.9019336526489386e-10,7.803867305297877e-10,7,41,131,59029,43,41,Ptpn13_Slc10a6,76.93222863526346,0.17073170731707318
Ntsr2,Lpin1,1.422499512207075e-12,4.5235484488184983e-10,4.523548448818499e-10,11,113,496,124721,184,113,Lpin1_Ntsr2,24.477786896945478,0.09734513274336283
Ntrk2,Apoe,1.428228955766044e-12,4.6060383823454923e-10,9.212076764690985e-10,80,5366,4027,659649,1504,5366,Apoe_Ntrk2,2.4421402273379993,0.05319148936170213
Tjp1,Pcsk6,1.2380561941077793e-12,4.890321966725728e-10,4.890321966725728e-10,12,177,635,192412,230,177,Pcsk6_Tjp1,20.543120245562523,0.06779661016949153
Tspan7,Apoe,1.5439130705231854e-12,5.635282707409627e-10,1.1270565414819254e-09,122,5947,7587,744618,2623,5947,Apoe_Tspan7,2.013378091422166,0.046511627906976744
Gabrb3,Ube3a,8.186557467211216e-13,5.755149899449485e-10,5.755149899449485e-10,26,530,4556,558473,1638,530,Gabrb3_Ube3a,6.013342554707042,0.04905660377358491
Cpe,Atp1a2,3.829312353253824e-12,6.059886799024177e-10,2.4239547196096705e-09,47,1582,4100,454948,1608,1582,Atp1a2_Cpe,3.2966229841818016,0.02970922882427307
Mapk10,Ptpn13,1.1271873142113026e-12,6.571502041851894e-10,6.571502041851894e-10,13,158,1082,228089,388,158,Mapk10_Ptpn13,17.344562343526988,0.08227848101265822
Map2k5,Megf11,4.00401613843222e-12,7.227249129870157e-10,1.4454498259740314e-09,8,67,221,96078,85,67,Map2k5_Megf11,51.909502262443446,0.11940298507462686
Pkn2,Gbp2,2.3143239766267263e-12,7.868701520530869e-10,7.868701520530869e-10,8,60,202,83632,80,60,Gbp2_Pkn2,55.2026402640264,0.13333333333333333
Pbx1,Pou2f1,3.985677833694411e-12,9.744982303382834e-10,1.9489964606765673e-09,17,472,1637,450357,595,472,Pbx1_Pou2f1,9.908665344832944,0.036016949152542374
H2-Aa,H2-Ab1,9.080175757637023e-12,1.0260598606129837e-09,1.0260598606129837e-09,6,24,72,34268,22,24,H2-Aa_H2-Ab1,118.9861111111111,0.2727272727272727
Kidins220,Id2,3.5438899208835944e-12,1.0454475266606604e-09,2.0908950533213208e-09,18,454,1737,399609,623,454,Id2_Kidins220,9.121202437743944,0.039647577092511016
Gabra2,Atp8a1,3.6375643084754135e-12,1.1421951928612797e-09,2.28439038572256e-09,34,1411,4539,812981,1678,1411,Atp8a1_Gabra2,4.315907383665528,0.024096385542168676
Jak1,Ror1,2.7280092817242257e-12,1.317628483072801e-09,1.317628483072801e-09,12,178,813,231736,273,178,Jak1_Ror1,19.21605373357104,0.06741573033707865
Jak1,Atg4c,5.5693521984218944e-12,1.3449985559188873e-09,2.689997111837775e-09,20,783,2015,605521,692,783,Atg4c_Jak1,7.675777771439618,0.028901734104046242
Hspa1a,C2,6.838387470136163e-12,1.5659907306611814e-09,1.5659907306611814e-09,7,31,142,44792,49,31,C2_Hspa1a,71.22762380736029,0.22580645161290322
Ckb,Cst3,4.1015459456703805e-12,1.6447199242138226e-09,3.289439848427645e-09,118,4521,10747,826804,3871,4521,Ckb_Cst3,2.007995894061535,0.030483079307672436
Aph1b/c,Dapk2,6.1874394820494935e-12,1.7572328129020561e-09,1.7572328129020561e-09,7,37,141,54814,49,37,Aph1b/c_Dapk2,73.54763273912211,0.1891891891891892
Slc1a2,Plpp3,2.539865008992935e-11,1.9785548420054965e-09,1.9785548420054965e-08,55,949,7858,378354,3017,949,Plpp3_Slc1a2,2.790504854207494,0.05795574288724974
Atg5,Grik2,6.2056825618054604e-12,1.979612737215942e-09,1.979612737215942e-09,17,733,1004,417949,385,733,Atg5_Grik2,9.654605316795573,0.04415584415584416
Ifngr2,Ifnar1,5.966735490650221e-12,2.249459279975133e-09,2.249459279975133e-09,11,203,595,239838,218,203,Ifnar1_Ifngr2,21.84226518193484,0.054187192118226604
Taok3,Ksr2,1.817495251213198e-11,2.662630543027335e-09,5.32526108605467e-09,10,201,443,217963,161,201,Ksr2_Taok3,24.478398077333424,0.062111801242236024
Ntrk2,Idnk,1.2956272630747496e-11,2.7855986156107117e-09,8.356795846832135e-09,14,200,1586,282731,582,200,Idnk_Ntrk2,12.478669609079446,0.07
Phc3,Skil,1.1473008642446124e-11,3.72872780879499e-09,3.72872780879499e-09,14,486,846,375425,327,486,Phc3_Skil,12.783347439901156,0.04281345565749235
Slc1a3,Scd2,5.2831796704277396e-11,4.543534516567856e-09,2.7261207099407136e-08,41,1435,3701,434286,1316,1435,Scd2_Slc1a3,3.352653722932026,0.03115501519756839
Dscaml1,Cd3g,2.1170776547268424e-11,5.080986371344422e-09,1.0161972742688844e-08,10,132,592,186566,231,132,Cd3g_Dscaml1,23.874641687141686,0.07575757575757576
Grik2,Lilrb4a/b,2.0640487468841318e-11,5.830937709947673e-09,1.1661875419895345e-08,14,259,1236,276959,473,259,Grik2_Lilrb4a/b,12.11226274818508,0.05405405405405406
P2rx7,P2rx4,2.9772401903800143e-11,6.5797008207398314e-09,6.5797008207398314e-09,9,110,317,115026,109,110,P2rx4_P2rx7,29.6883854316031,0.08256880733944955
Cspg5,Apoe,1.3733744666914872e-11,6.880606078124352e-09,6.880606078124351e-09,61,4698,2074,428960,738,4698,Apoe_Cspg5,2.685498209500914,0.08265582655826559
Hexb,C1qa,2.8173809676750292e-11,8.508490522378589e-09,8.508490522378589e-09,11,158,411,110125,183,158,C1qa_Hexb,18.654331824201545,0.06962025316455696
Ptn,Apoe,2.3794451319577207e-11,8.661180280326103e-09,8.661180280326103e-09,57,4535,1380,301454,530,4535,Apoe_Ptn,2.745614304204017,0.10754716981132076
Atp6v1h,Oprk1,3.3046244376888504e-11,9.021624714890562e-09,1.8043249429781124e-08,10,106,630,151032,207,106,Atp6v1h_Oprk1,22.61635220125786,0.09433962264150944
C1qb,C1qa,4.1239994606663574e-11,9.278998786499304e-09,9.278998786499304e-09,11,167,402,109948,163,167,C1qa_C1qb,18.015133911281914,0.06748466257668712
Psmd14,Tank,1.7885747198793628e-11,1.049893360569186e-08,1.049893360569186e-08,17,424,1999,447644,706,424,Psmd14_Tank,8.978484525281509,0.04009433962264151
Camk2a,Csf1r,1.485722688706681e-11,1.3520076467230798e-08,1.3520076467230798e-08,33,237,8139,235197,3271,237,Camk2a_Csf1r,4.023706765829784,0.13924050632911392
Vmp1,Glp1r,3.1968164278286254e-11,1.3682374311106518e-08,1.3682374311106518e-08,9,109,515,184484,180,109,Glp1r_Vmp1,29.577910394584485,0.08256880733944955
C1qc,C1qb,6.27102674414531e-11,1.3984389639444041e-08,1.3984389639444041e-08,12,139,424,70653,188,139,C1qb_C1qc,14.38570652911633,0.08633093525179857
Gdnf,Rictor,1.0011289254566658e-10,1.431614363403032e-08,1.431614363403032e-08,8,127,252,141667,94,127,Gdnf_Rictor,35.41232345956755,0.0851063829787234
Camk2a,Pdgfrb,3.833728456487968e-11,1.7443464477020254e-08,3.488692895404051e-08,24,146,5480,174411,2220,146,Camk2a_Pdgfrb,5.231806819318068,0.1643835616438356
Pgm1,Ror1,1.175555248237161e-10,1.875010620938272e-08,3.750021241876544e-08,8,101,275,119721,97,101,Pgm1_Ror1,34.483096309630966,0.08247422680412371
Pak2,Dlg1,5.843433672705331e-11,2.0335149181014555e-08,2.0335149181014555e-08,12,340,765,322674,256,340,Dlg1_Pak2,14.886920415224914,0.046875
Epha6,Pros1,3.756314052080634e-11,2.12983006752972e-08,2.1298300675297195e-08,11,134,856,189345,364,134,Epha6_Pros1,18.157997977402704,0.08208955223880597
Epha6,St3gal6,7.615157998143505e-11,2.1588972924736838e-08,4.3177945849473676e-08,10,103,685,146211,308,103,Epha6_St3gal6,20.722982070724964,0.0970873786407767
Mobp,Cx3cr1,1.5602249391619776e-10,2.2077182889141984e-08,4.415436577828397e-08,7,57,205,79941,82,57,Cx3cr1_Mobp,47.88934531450578,0.12280701754385964
P2rx4,Atxn2,1.7615642599027503e-10,2.2636100739750342e-08,4.5272201479500684e-08,9,178,403,196236,154,178,Atxn2_P2rx4,24.62045891766805,0.05844155844155844
Cpe,Cst3,2.336630047232803e-10,2.958173639796729e-08,1.4790868198983644e-07,73,4332,5328,723193,2075,4332,Cpe_Cst3,2.287306740604871,0.03518072289156626
Tagln,Dscaml1,2.446786970712249e-10,2.960612234561821e-08,2.960612234561821e-08,8,131,219,113120,81,131,Dscaml1_Tagln,31.5437972742166,0.09876543209876543
Tspan7,Cst3,1.2245335130901808e-10,2.979698215186107e-08,8.939094645558321e-08,93,4403,8215,809645,2834,4403,Cst3_Tspan7,2.081715297031612,0.032815808045165845
Ckb,Glul,1.1221603387022542e-10,2.99990863879736e-08,8.999725916392079e-08,124,5221,11608,912899,4195,5221,Ckb_Glul,1.8678126993635285,0.029558998808104888
Slc1a2,Aldoc,4.4549827568675805e-10,3.15346107662308e-08,3.470431567599845e-07,85,2374,9687,567512,3777,2374,Aldoc_Slc1a2,2.097606211748712,0.03580454928390901
Atp1a2,Slc1a3,4.180034173225741e-10,3.4515139316063975e-08,2.4160597521244784e-07,44,1199,3860,312392,1395,1199,Atp1a2_Slc1a3,2.969929172410515,0.03669724770642202
Ckb,Apoe,1.7282923032804266e-10,3.465226068077256e-08,1.386090427230902e-07,144,6063,10233,760070,3702,6063,Apoe_Ckb,1.7641095091976926,0.03889789303079417
Slc4a8,Slc11a2,1.0154328027067825e-10,3.614940777636146e-08,3.614940777636146e-08,10,204,598,250439,213,204,Slc11a2_Slc4a8,20.529133057905437,0.049019607843137254
Herc1,Aph1b/c,1.1254684045403392e-10,4.310543989389499e-08,4.310543989389499e-08,10,205,632,263265,220,205,Aph1b/c_Herc1,20.319928990429144,0.04878048780487805
Akt3,Rgs7,9.542884212320737e-11,5.8784166747895733e-08,5.878416674789574e-08,26,1082,3645,738424,1338,1082,Akt3_Rgs7,4.868042465687431,0.024029574861367836
Dbi,Aldoc,1.4079457740173018e-10,6.870775377204433e-08,6.870775377204433e-08,39,2160,2302,429360,928,2160,Aldoc_Dbi,3.3676513176947576,0.04202586206896552
Pgd,Ube4b,4.925395197081807e-10,7.14182303576862e-08,7.14182303576862e-08,8,150,282,153508,108,150,Pgd_Ube4b,29.03224586288416,0.07407407407407407
Nlgn4l,Mid1,2.691114429322825e-10,7.2390978148784e-08,7.239097814878399e-08,13,520,788,357123,293,520,Mid1_Nlgn4l,11.330044416243656,0.04436860068259386
Nbea,Foxo1,1.105980054063832e-10,7.399006561687035e-08,7.399006561687037e-08,28,848,5000,678955,1902,848,Foxo1_Nbea,4.483665094339623,0.0330188679245283
Cdc27,Crhr1,1.8476635769254684e-10,7.871046837702495e-08,7.871046837702495e-08,9,130,456,160135,173,130,Cdc27_Crhr1,24.311993927125503,0.06923076923076923
Homer1,Rasgrf2,3.804930952741864e-10,8.12352758410388e-08,1.624705516820776e-07,19,1020,1585,545145,613,1020,Homer1_Rasgrf2,6.406726665429579,0.03099510603588907
Serinc3,Ada,1.3376859059787578e-10,8.748465825101076e-08,8.748465825101076e-08,10,97,721,136338,253,97,Ada_Serinc3,19.494402104751423,0.10309278350515463
Camk2a,Cd74,3.840776292552392e-10,1.165035475407559e-07,3.495106426222677e-07,32,247,10299,289797,4044,247,Camk2a_Cd74,3.645455928467565,0.12955465587044535
Htt,Add1,2.4106420015196646e-10,1.258355124793265e-07,1.258355124793265e-07,23,1196,2654,729612,953,1196,Add1_Htt,5.286737000753579,0.024134312696747113
Rpe,Creb1,7.696340463379498e-10,1.2775925169209967e-07,2.5551850338419935e-07,10,237,675,266591,265,237,Creb1_Rpe,16.66454133458353,0.04219409282700422
Fus,Itgax,1.8772419551112283e-10,1.3553686915903068e-07,1.3553686915903068e-07,13,159,1521,212624,534,159,Fus_Itgax,11.429554372950602,0.08176100628930817
Sptbn1,Psme4,1.9459927914886233e-10,1.3641409468335248e-07,1.364140946833525e-07,21,514,3826,550374,1359,514,Psme4_Sptbn1,5.877181724062884,0.04085603112840467
Slco3a1,Ntrk3,7.221263865067612e-10,1.9064136603778495e-07,1.9064136603778495e-07,17,952,864,341453,318,952,Ntrk3_Slco3a1,7.0571469907407405,0.05345911949685535
Grik1,Tiam1,1.276446317905801e-09,1.9784917927539916e-07,1.9784917927539916e-07,11,425,357,181448,141,425,Grik1_Tiam1,13.154905256220136,0.07801418439716312
Ppp1r13b,Mark3,4.331859708794232e-10,2.3088812247873255e-07,2.3088812247873255e-07,17,589,2209,559233,784,589,Mark3_Ppp1r13b,7.306858575929156,0.028862478777589132
Galr1,Mbp,1.8222659624328488e-09,2.350723091538375e-07,2.350723091538375e-07,9,251,229,119910,91,251,Galr1_Mbp,18.775378834008944,0.0989010989010989
Cntn1,Lrrk2,5.16626071935388e-10,2.789780788451095e-07,2.789780788451095e-07,12,245,1232,307317,422,245,Cntn1_Lrrk2,12.217744500397561,0.04897959183673469
Samhd1,Nnat,1.2005226789438093e-09,3.037322377727838e-07,3.037322377727838e-07,8,136,286,125569,109,136,Nnat_Samhd1,25.82661456190868,0.07339449541284404
Unc5c,Gbp2,1.2090395030216962e-09,3.2885874482190137e-07,3.2885874482190137e-07,6,40,161,60005,60,40,Gbp2_Unc5c,55.90527950310559,0.15
Pbx1,Rgs5,2.4918136509962686e-09,4.0616562511239174e-07,1.2184968753371753e-06,10,227,502,167212,198,227,Pbx1_Rgs5,14.67364024079892,0.050505050505050504
Tnrc6c,Timp2,9.85572421187196e-10,4.2576728595286874e-07,4.257672859528687e-07,9,168,519,195686,191,168,Timp2_Tnrc6c,20.19880264244426,0.05357142857142857
Cd3e,Cd3d,3.3879885504610196e-09,4.268865573580885e-07,4.2688655735808846e-07,5,27,72,32901,23,27,Cd3d_Cd3e,84.62191358024693,0.21739130434782608
Gria4,Pdgfd,1.91139355796032e-09,4.5300027323659587e-07,4.530002732365958e-07,6,47,143,58428,53,47,Gria4_Pdgfd,52.16009522392501,0.1276595744680851
Ncam1,Htr3a,1.6243684978841764e-09,5.14924813829284e-07,1.029849627658568e-06,10,124,876,164742,301,124,Htr3a_Ncam1,15.166261599646486,0.08064516129032258
Itm2b,Rb1,6.676060688928851e-10,5.427637340099156e-07,5.427637340099156e-07,26,480,6627,536861,2239,480,Itm2b_Rb1,4.388104848850662,0.05416666666666667
Hspa1b,Hspa1a,3.046816744992063e-09,6.276442494683651e-07,6.27644249468365e-07,6,62,182,92236,61,62,Hspa1a_Hspa1b,49.0443105281815,0.09836065573770492
Lifr,Gdnf,2.6874851398529364e-09,6.449964335647047e-07,6.449964335647047e-07,6,54,164,73373,50,54,Gdnf_Lifr,49.71070460704606,0.12
Jak1,Pgm1,4.262875039264156e-09,6.863228813215291e-07,2.058968643964587e-06,11,280,1151,343682,391,280,Jak1_Pgm1,11.730489015762691,0.039285714285714285
Htt,Rgs12,2.638598259592181e-09,6.886741457535592e-07,1.3773482915071185e-06,10,197,768,220666,278,197,Htt_Rgs12,14.58505181895093,0.050761421319796954
Tusc3,Msr1,1.469919748153546e-09,7.393696333212338e-07,7.393696333212337e-07,8,91,454,128852,156,91,Msr1_Tusc3,24.95076729437963,0.08791208791208792
Ntrk2,Spock1,4.672249632762159e-09,7.534002532828981e-07,3.0136010131315925e-06,13,233,1593,251850,577,233,Ntrk2_Spock1,8.820914462145277,0.055793991416309016
Kalrn,Dlg1,9.547330986323905e-10,7.695148774977067e-07,7.695148774977067e-07,33,720,8418,649044,3070,720,Dlg1_Kalrn,3.5338382038488954,0.04583333333333333
Wdr59,Terf2ip,4.20122099225527e-09,7.70924052078842e-07,1.541848104157684e-06,9,223,632,269067,251,223,Terf2ip_Wdr59,17.182288414599537,0.04035874439461883
Psmd14,Gcg,2.7769081982574377e-09,8.150225561885579e-07,1.6300451123771158e-06,10,161,946,220083,344,161,Gcg_Psmd14,14.450054495555001,0.062111801242236024
Ctss,Cst3,3.979330716076401e-09,8.555561039564262e-07,8.555561039564262e-07,21,1508,604,214247,228,1508,Cst3_Ctss,4.939645291338029,0.09210526315789473
Crhr1,Mapt,9.06885906404257e-09,8.932826178081931e-07,1.7865652356163863e-06,10,343,488,215305,178,343,Crhr1_Mapt,12.862937915212921,0.056179775280898875
Gpr17,Bin1,5.6838654698319115e-09,9.71940995341257e-07,9.719409953412568e-07,10,357,404,194775,159,357,Bin1_Gpr17,13.504659289458358,0.06289308176100629
Snap25,Plcb4,1.42069976710444e-09,1.2914160882979362e-06,1.291416088297936e-06,21,145,5514,191662,1911,145,Plcb4_Snap25,5.03408502495216,0.14482758620689656
Ctsd,Cst3,2.4855115469012376e-09,1.4241981163744091e-06,1.4241981163744091e-06,46,3613,2917,627689,1081,3613,Cst3_Ctsd,2.7396681374091822,0.0425531914893617
Sparcl1,Slc1a2,4.058067068255021e-09,1.4243815409575123e-06,2.848763081915025e-06,71,4210,6807,872773,2345,4210,Slc1a2_Sparcl1,2.1623291588545674,0.030277185501066096
Mfge8,Cst3,1.3613268242792689e-08,1.7107340425109479e-06,5.132202127532843e-06,42,3211,1652,343166,578,3211,Cst3_Mfge8,2.717084809104297,0.0726643598615917
Herc1,Dapk2,9.649093890364598e-09,1.8478014800048204e-06,3.695602960009641e-06,6,53,247,87701,84,53,Dapk2_Herc1,40.196012527690776,0.11320754716981132
Ctsd,Ctss,6.5831120836188935e-09,1.8860616119568129e-06,3.7721232239136257e-06,12,217,1172,205044,460,217,Ctsd_Ctss,9.674777056038753,0.055299539170506916
Mapt,Cdc27,6.724841514446281e-09,1.9064925693455207e-06,3.812985138691041e-06,16,600,2279,558285,828,600,Cdc27_Mapt,6.532514260640632,0.02666666666666667
Tnc,Astn2,1.4512467815754593e-08,2.554194335572808e-06,2.554194335572808e-06,6,71,135,60153,58,71,Astn2_Tnc,37.654460093896716,0.10344827586206896
Bsg,Itm2a,1.0706362594270136e-08,2.6052148979390667e-06,7.8156446938172e-06,20,353,2407,206614,1018,353,Bsg_Itm2a,4.8633882997065925,0.056657223796033995
Map2k1,Map2k5,3.92039498679934e-09,2.6345054311291563e-06,2.6345054311291563e-06,20,522,3915,532732,1313,522,Map2k1_Map2k5,5.213585629492619,0.038314176245210725
Itm2c,Cab39,3.7219751424176544e-09,2.7952033319556584e-06,2.7952033319556584e-06,32,977,7505,786528,2531,977,Cab39_Itm2c,3.4325660750219744,0.032753326509723645
Cblb,Alcam,6.2309127042463656e-09,2.8475271058405894e-06,2.847527105840589e-06,11,279,1087,311472,389,279,Alcam_Cblb,11.297385523933881,0.03942652329749104
Mapk10,Slc10a6,9.77148114599199e-09,2.848386754056665e-06,5.69677350811333e-06,9,125,835,178326,308,125,Mapk10_Slc10a6,15.376613173652697,0.072
Dgki,Hipk2,9.656087049076017e-09,3.0368393769344073e-06,6.073678753868815e-06,17,548,2632,501369,1010,548,Dgki_Hipk2,5.909353299092584,0.03102189781021898
Braf,Hipk2,5.996548209759378e-09,3.1661774547529513e-06,3.1661774547529513e-06,14,488,1641,448895,598,488,Braf_Hipk2,7.847736286350785,0.028688524590163935
Bmpr1a,Grid1,1.8604433373499223e-08,3.4139135240371076e-06,6.8278270480742144e-06,9,270,704,305783,289,270,Bmpr1a_Grid1,14.478361742424244,0.03333333333333333
Cck,Vipr1,6.602641799520897e-09,3.644658273335535e-06,3.644658273335535e-06,12,270,1486,325158,522,270,Cck_Vipr1,9.725078510542843,0.044444444444444446
C2,H2-Aa,6.969111516799255e-08,4.3208491404155384e-06,8.641698280831077e-06,4,20,68,33938,18,20,C2_H2-Aa,99.81764705882352,0.2222222222222222
Adcy2,Ntrk2,1.0044532270734601e-08,4.360302525053958e-06,5.6852052652357845e-06,27,1520,3749,794415,1491,1520,Adcy2_Ntrk2,3.7640221602953767,0.018108651911468814
Adcy2,Ryr2,1.5407429417151793e-08,4.360302525053958e-06,8.720605050107916e-06,38,2772,4026,848467,1603,2772,Adcy2_Ryr2,2.8890267016198465,0.023705552089831567
Dbi,Apoe,1.958226401491479e-08,4.778072419639208e-06,9.556144839278417e-06,61,5485,2599,517354,1039,5485,Apoe_Dbi,2.213781403197289,0.05871029836381136
Mc5r,Mc2r,2.174954298346187e-08,4.980645343212769e-06,4.980645343212768e-06,5,44,141,75438,45,44,Mc2r_Mc5r,60.79787234042553,0.11363636363636363
Mc5r,Tcf4,7.268325258897813e-08,5.548154947625331e-06,1.6644464842875992e-05,12,708,682,315636,241,708,Mc5r_Tcf4,7.844226850241066,0.04979253112033195
Psen1,Rgs6,1.496058693599266e-08,5.789747144229159e-06,5.789747144229159e-06,8,185,462,201074,184,185,Psen1_Rgs6,18.82054522054522,0.043478260869565216
Cd74,Pdgfrb,5.425494114515549e-08,5.8595336436767934e-06,1.1719067287353585e-05,5,48,111,53840,40,48,Cd74_Pdgfrb,50.525525525525524,0.125
Atp2b2,Slc6a11,2.270713510607092e-08,6.017390803108794e-06,1.2034781606217587e-05,9,185,760,219587,273,185,Atp2b2_Slc6a11,14.056066856330016,0.04864864864864865
Sil1,Egr1,2.5823898848427184e-08,6.068616229380388e-06,6.068616229380388e-06,6,77,234,103595,79,77,Egr1_Sil1,34.497169497169494,0.07792207792207792
Cst3,Csf1r,1.6864882410372333e-07,6.4002228747363e-06,0.000128004457494726,15,190,2641,180992,1069,190,Csf1r_Cst3,5.410390800932661,0.07894736842105263
Lpar6,Rb1,2.73138135587718e-08,6.52800144054646e-06,6.52800144054646e-06,7,134,326,145518,111,134,Lpar6_Rb1,23.31805695449135,0.06306306306306306
Uqcr10,Mtmr3,1.1674441933401046e-08,6.922944066506821e-06,6.92294406650682e-06,17,617,2735,579739,968,617,Mtmr3_Uqcr10,5.84035093437314,0.027552674230145867
Map2k6,Sox9,1.5966673703905047e-08,6.9614697349026e-06,6.961469734902601e-06,9,208,622,210886,237,208,Map2k6_Sox9,14.670217041800644,0.04326923076923077
Gnal,Mc4r,1.5214347700100175e-08,7.515887763849486e-06,7.515887763849486e-06,9,159,713,184938,247,159,Gnal_Mc4r,14.681891555743734,0.05660377358490566
C1qc,Cst3,7.142113642655279e-08,7.963456711560636e-06,1.5926913423121272e-05,22,1502,678,184874,299,1502,C1qc_Cst3,3.9939156837098224,0.07357859531772576
Rps9,Pirb,1.2974088298667133e-08,8.73156142500298e-06,8.73156142500298e-06,9,106,829,144400,327,106,Pirb_Rps9,14.789357489132167,0.08490566037735849
Ptprz1,Apoe,3.215208666372517e-08,9.034736352506773e-06,1.8069472705013546e-05,58,5020,2542,491274,924,5020,Apoe_Ptprz1,2.2329166418511637,0.06277056277056277
Polr2f,Galr3,1.80508822480898e-08,9.04349200629299e-06,9.04349200629299e-06,7,80,502,140536,174,80,Galr3_Polr2f,24.49581673306773,0.0875
Slc1a3,Gpr37l1,1.474473607421588e-07,9.510354767869243e-06,7.608283814295395e-05,25,544,2827,211921,986,544,Gpr37l1_Slc1a3,3.4450005462036244,0.04595588235294118
